City,Date,PM2.5
Delhi,1/1/15,313.22
Delhi,1/2/15,186.18
Delhi,1/3/15,87.18
Delhi,1/4/15,151.84
Delhi,1/5/15,146.6
Delhi,1/6/15,149.58
Delhi,1/7/15,217.87
Delhi,1/8/15,229.9
Delhi,1/9/15,201.66
Delhi,1/10/15,221.02
Delhi,1/11/15,205.41
Delhi,1/12/15,212.41
Delhi,1/13/15,197.61
Delhi,1/14/15,164.39
Delhi,1/15/15,166.19
Delhi,1/16/15,174.98
Delhi,1/17/15,196.46
Delhi,1/18/15,201.51
Delhi,1/19/15,183.35
Delhi,1/20/15,165.63
Delhi,1/21/15,159.54
Delhi,1/22/15,143.68
Delhi,1/23/15,128.73
Delhi,1/24/15,164.98
Delhi,1/25/15,148.59
Delhi,1/26/15,129.34
Delhi,1/27/15,154.2
Delhi,1/28/15,134.6
Delhi,1/29/15,173.13
Delhi,1/30/15,178.04
Delhi,1/31/15,158.59
Delhi,2/1/15,211.59
Delhi,2/2/15,163.64
Delhi,2/3/15,157.71
Delhi,2/4/15,137.26
Delhi,2/5/15,131.76
Delhi,2/6/15,151.6
Delhi,2/7/15,160.75
Delhi,2/8/15,145.34
Delhi,2/9/15,134.67
Delhi,2/10/15,153.07
Delhi,2/11/15,116.91
Delhi,2/12/15,177.98
Delhi,2/13/15,167.01
Delhi,2/14/15,193.96
Delhi,2/15/15,184.06
Delhi,2/16/15,152.62
Delhi,2/17/15,161.27
Delhi,2/18/15,188.2
Delhi,2/19/15,159.97
Delhi,2/20/15,144.12
Delhi,2/21/15,155.38
Delhi,2/22/15,124.1
Delhi,2/23/15,141.39
Delhi,2/24/15,170.16
Delhi,2/25/15,148.19
Delhi,2/26/15,140.78
Delhi,2/27/15,130.42
Delhi,2/28/15,105.86
Delhi,3/1/15,71.83
Delhi,3/2/15,53.71
Delhi,3/3/15,83.49
Delhi,3/4/15,91.07
Delhi,3/5/15,106.57
Delhi,3/6/15,101.75
Delhi,3/7/15,77.57
Delhi,3/8/15,63.24
Delhi,3/9/15,76.62
Delhi,3/10/15,86.7
Delhi,3/11/15,104.29
Delhi,3/12/15,115.93
Delhi,3/13/15,108.66
Delhi,3/14/15,67.94
Delhi,3/15/15,38.89
Delhi,3/16/15,45.39
Delhi,3/17/15,55.55
Delhi,3/18/15,50.59
Delhi,3/19/15,69.51
Delhi,3/20/15,96.62
Delhi,3/21/15,96.28
Delhi,3/22/15,72.2
Delhi,3/23/15,78.47
Delhi,3/24/15,91.87
Delhi,3/25/15,107.26
Delhi,3/26/15,109.78
Delhi,3/27/15,62.27
Delhi,3/28/15,102.22
Delhi,3/29/15,104.36
Delhi,3/30/15,44.19
Delhi,3/31/15,55.66
Delhi,4/1/15,112.86
Delhi,4/2/15,78.51
Delhi,4/3/15,66.52
Delhi,4/4/15,62.56
Delhi,4/5/15,78.61
Delhi,4/6/15,119.7
Delhi,4/7/15,66.09
Delhi,4/8/15,95.34
Delhi,4/9/15,63.57
Delhi,4/10/15,96.56
Delhi,4/11/15,131.39
Delhi,4/12/15,75.35
Delhi,4/13/15,86.49
Delhi,4/14/15,77.07
Delhi,4/15/15,98.79
Delhi,4/16/15,81.81
Delhi,4/17/15,65.78
Delhi,4/18/15,119.82
Delhi,4/19/15,125.53
Delhi,4/20/15,121.51
Delhi,4/21/15,114.5
Delhi,4/22/15,101.83
Delhi,4/23/15,118.57
Delhi,4/24/15,143.22
Delhi,4/25/15,106.76
Delhi,4/26/15,65.36
Delhi,4/27/15,67.08
Delhi,4/28/15,81.37
Delhi,4/29/15,63.76
Delhi,4/30/15,60.56
Delhi,5/1/15,76.1
Delhi,5/2/15,72.66
Delhi,5/3/15,121.94
Delhi,5/4/15,108.98
Delhi,5/5/15,145.99
Delhi,5/6/15,171.33
Delhi,5/7/15,117.76
Delhi,5/8/15,90.66
Delhi,5/9/15,106.4
Delhi,5/10/15,101.21
Delhi,5/11/15,97.57
Delhi,5/12/15,96.34
Delhi,5/13/15,83.42
Delhi,5/14/15,78.06
Delhi,5/15/15,97.87
Delhi,5/16/15,77.52
Delhi,5/17/15,97.16
Delhi,5/18/15,66.85
Delhi,5/19/15,89.85
Delhi,5/20/15,67.41
Delhi,5/21/15,75.54
Delhi,5/22/15,67.91
Delhi,5/23/15,69.02
Delhi,5/24/15,79.1
Delhi,5/25/15,117.27
Delhi,5/26/15,96.09
Delhi,5/27/15,84.71
Delhi,5/28/15,182.76
Delhi,5/29/15,106.61
Delhi,5/30/15,92.68
Delhi,5/31/15,73.62
Delhi,6/1/15,49.42
Delhi,6/2/15,52.51
Delhi,6/3/15,65.28
Delhi,6/4/15,85.45
Delhi,6/5/15,83.02
Delhi,6/6/15,44.54
Delhi,6/7/15,85.03
Delhi,6/8/15,137.7
Delhi,6/9/15,136.05
Delhi,6/10/15,63.77
Delhi,6/11/15,115.57
Delhi,6/12/15,83.29
Delhi,6/13/15,73.7
Delhi,6/14/15,74.56
Delhi,6/15/15,106.11
Delhi,6/16/15,132.21
Delhi,6/17/15,123.56
Delhi,6/18/15,132.21
Delhi,6/19/15,110.65
Delhi,6/20/15,80.31
Delhi,6/21/15,59.73
Delhi,6/22/15,85.4
Delhi,6/23/15,101.99
Delhi,6/24/15,126.07
Delhi,6/25/15,37.59
Delhi,6/26/15,76
Delhi,6/27/15,69.46
Delhi,6/28/15,79.84
Delhi,6/29/15,48.5
Delhi,6/30/15,53.79
Delhi,7/1/15,57.99
Delhi,7/2/15,67.12
Delhi,7/3/15,65.25
Delhi,7/4/15,88.75
Delhi,7/5/15,135.92
Delhi,7/6/15,60.27
Delhi,7/7/15,52.2
Delhi,7/8/15,67.92
Delhi,7/9/15,65.95
Delhi,7/10/15,47.68
Delhi,7/11/15,29.08
Delhi,7/12/15,32.29
Delhi,7/13/15,36.68
Delhi,7/14/15,44.48
Delhi,7/15/15,63.79
Delhi,7/16/15,77.2
Delhi,7/17/15,77.99
Delhi,7/18/15,71.11
Delhi,7/19/15,67.39
Delhi,7/20/15,49.58
Delhi,7/21/15,40.97
Delhi,7/22/15,38.97
Delhi,7/23/15,34.02
Delhi,7/24/15,46.13
Delhi,7/25/15,46.01
Delhi,7/26/15,29.81
Delhi,7/27/15,22.82
Delhi,7/28/15,24.69
Delhi,7/29/15,29.04
Delhi,7/30/15,25.76
Delhi,7/31/15,37.85
Delhi,8/1/15,41.32
Delhi,8/2/15,47.81
Delhi,8/3/15,56.02
Delhi,8/4/15,54.46
Delhi,8/5/15,59.13
Delhi,8/6/15,65.47
Delhi,8/7/15,64.58
Delhi,8/8/15,70.05
Delhi,8/9/15,55.51
Delhi,8/10/15,82.27
Delhi,8/11/15,77.04
Delhi,8/12/15,52.45
Delhi,8/13/15,61.66
Delhi,8/14/15,65.67
Delhi,8/15/15,51.4
Delhi,8/16/15,55.71
Delhi,8/17/15,61.84
Delhi,8/18/15,60.65
Delhi,8/19/15,34.42
Delhi,8/20/15,40.83
Delhi,8/21/15,50.97
Delhi,8/22/15,46.74
Delhi,8/23/15,44.67
Delhi,8/24/15,37.39
Delhi,8/25/15,52.06
Delhi,8/26/15,57.52
Delhi,8/27/15,61.47
Delhi,8/28/15,77.76
Delhi,8/29/15,68.53
Delhi,8/30/15,57.85
Delhi,8/31/15,51.67
Delhi,9/1/15,73.78
Delhi,9/2/15,97.63
Delhi,9/3/15,99.5
Delhi,9/4/15,97.31
Delhi,9/5/15,76.43
Delhi,9/6/15,61.69
Delhi,9/7/15,55.19
Delhi,9/8/15,63.79
Delhi,9/9/15,58.48
Delhi,9/10/15,60.29
Delhi,9/11/15,67.35
Delhi,9/12/15,87.55
Delhi,9/13/15,84.57
Delhi,9/14/15,111.58
Delhi,9/15/15,108.78
Delhi,9/16/15,91.18
Delhi,9/17/15,104.85
Delhi,9/18/15,56.19
Delhi,9/19/15,67.62
Delhi,9/20/15,64.38
Delhi,9/21/15,45.65
Delhi,9/22/15,35.75
Delhi,9/23/15,34.89
Delhi,9/24/15,63.06
Delhi,9/25/15,82.39
Delhi,9/26/15,88.08
Delhi,9/27/15,89.75
Delhi,9/28/15,69.57
Delhi,9/29/15,68.34
Delhi,9/30/15,61.08
Delhi,10/1/15,85.7
Delhi,10/2/15,97.62
Delhi,10/3/15,103.58
Delhi,10/4/15,145.97
Delhi,10/5/15,180.52
Delhi,10/6/15,151.57
Delhi,10/7/15,144.04
Delhi,10/8/15,148.44
Delhi,10/9/15,130.22
Delhi,10/10/15,147.71
Delhi,10/11/15,111.34
Delhi,10/12/15,100.7
Delhi,10/13/15,97.67
Delhi,10/14/15,75.81
Delhi,10/15/15,95.24
Delhi,10/16/15,148.29
Delhi,10/17/15,90.66
Delhi,10/18/15,156.71
Delhi,10/19/15,170.28
Delhi,10/20/15,198.1
Delhi,10/21/15,158.04
Delhi,10/22/15,116.98
Delhi,10/23/15,143.73
Delhi,10/24/15,169.22
Delhi,10/25/15,147.65
Delhi,10/26/15,101.61
Delhi,10/27/15,113.2
Delhi,10/28/15,112.89
Delhi,10/29/15,95.72
Delhi,10/30/15,108.4
Delhi,10/31/15,245.97
Delhi,11/1/15,277.53
Delhi,11/2/15,232.4
Delhi,11/3/15,244.78
Delhi,11/4/15,293.49
Delhi,11/5/15,161.78
Delhi,11/6/15,153.33
Delhi,11/7/15,353.86
Delhi,11/8/15,217.55
Delhi,11/9/15,201.44
Delhi,11/10/15,249.95
Delhi,11/11/15,219.68
Delhi,11/12/15,258.48
Delhi,11/13/15,291.66
Delhi,11/14/15,221.68
Delhi,11/15/15,214.24
Delhi,11/16/15,184.02
Delhi,11/17/15,136.22
Delhi,11/18/15,188.09
Delhi,11/19/15,238.69
Delhi,11/20/15,271.42
Delhi,11/21/15,293.73
Delhi,11/22/15,247.27
Delhi,11/23/15,266.95
Delhi,11/24/15,241.61
Delhi,11/25/15,149.14
Delhi,11/26/15,182.5
Delhi,11/27/15,193.58
Delhi,11/28/15,172.89
Delhi,11/29/15,190.46
Delhi,11/30/15,282.76
Delhi,12/1/15,183.28
Delhi,12/2/15,170.74
Delhi,12/3/15,190.14
Delhi,12/4/15,186.64
Delhi,12/5/15,282.01
Delhi,12/6/15,218.22
Delhi,12/7/15,249.8
Delhi,12/8/15,283.59
Delhi,12/9/15,250.69
Delhi,12/10/15,211.95
Delhi,12/11/15,198.38
Delhi,12/12/15,184.12
Delhi,12/13/15,135.42
Delhi,12/14/15,118.6
Delhi,12/15/15,88.3
Delhi,12/16/15,111.45
Delhi,12/17/15,152.24
Delhi,12/18/15,136.75
Delhi,12/19/15,114.35
Delhi,12/20/15,181.67
Delhi,12/21/15,135.78
Delhi,12/22/15,204.72
Delhi,12/23/15,321.52
Delhi,12/24/15,129.08
Delhi,12/25/15,132.56
Delhi,12/26/15,158.69
Delhi,12/27/15,187.01
Delhi,12/28/15,148.77
Delhi,12/29/15,159.67
Delhi,12/30/15,233.97
Delhi,12/31/15,240.97
Delhi,1/1/16,295.71
Delhi,1/2/16,239.21
Delhi,1/3/16,270.1
Delhi,1/4/16,339.8
Delhi,1/5/16,318.1
Delhi,1/6/16,305.51
Delhi,1/7/16,391.54
Delhi,1/8/16,339.87
Delhi,1/9/16,158.43
Delhi,1/10/16,183.24
Delhi,1/11/16,227.13
Delhi,1/12/16,195.21
Delhi,1/13/16,248.59
Delhi,1/14/16,196.87
Delhi,1/15/16,178.8
Delhi,1/16/16,138.86
Delhi,1/17/16,179.48
Delhi,1/18/16,269.05
Delhi,1/19/16,278.2
Delhi,1/20/16,272.1
Delhi,1/21/16,196.83
Delhi,1/22/16,290.66
Delhi,1/23/16,294.3
Delhi,1/24/16,303.5
Delhi,1/25/16,217.05
Delhi,1/26/16,308.75
Delhi,1/27/16,255.94
Delhi,1/28/16,283.03
Delhi,1/29/16,311.08
Delhi,1/30/16,285.83
Delhi,1/31/16,242.05
Delhi,2/1/16,121.4
Delhi,2/2/16,135.31
Delhi,2/3/16,136.87
Delhi,2/4/16,130.76
Delhi,2/5/16,206.72
Delhi,2/6/16,224.94
Delhi,2/7/16,170.45
Delhi,2/8/16,119.57
Delhi,2/9/16,181.76
Delhi,2/10/16,216.55
Delhi,2/11/16,150
Delhi,2/12/16,146.03
Delhi,2/13/16,110.89
Delhi,2/14/16,103.57
Delhi,2/15/16,115.7
Delhi,2/16/16,123.22
Delhi,2/17/16,135.38
Delhi,2/18/16,148.75
Delhi,2/19/16,207.1
Delhi,2/20/16,150.89
Delhi,2/21/16,76.12
Delhi,2/22/16,88.73
Delhi,2/23/16,86.17
Delhi,2/24/16,177.64
Delhi,2/25/16,131.69
Delhi,2/26/16,129.66
Delhi,2/27/16,144.98
Delhi,2/28/16,163.92
Delhi,2/29/16,170.12
Delhi,3/1/16,213.62
Delhi,3/2/16,175.63
Delhi,3/3/16,165.22
Delhi,3/4/16,115.55
Delhi,3/5/16,53
Delhi,3/6/16,47.43
Delhi,3/7/16,98.61
Delhi,3/8/16,84.42
Delhi,3/9/16,109.16
Delhi,3/10/16,129.9
Delhi,3/11/16,85.76
Delhi,3/12/16,60.17
Delhi,3/13/16,58.95
Delhi,3/14/16,51.82
Delhi,3/15/16,81.32
Delhi,3/16/16,67.63
Delhi,3/17/16,70.86
Delhi,3/18/16,72.47
Delhi,3/19/16,103.73
Delhi,3/20/16,95.52
Delhi,3/21/16,58.4
Delhi,3/22/16,47.43
Delhi,3/23/16,80.01
Delhi,3/24/16,156.01
Delhi,3/25/16,137.99
Delhi,3/26/16,72.44
Delhi,3/27/16,61.75
Delhi,3/28/16,81.46
Delhi,3/29/16,89.75
Delhi,3/30/16,88.68
Delhi,3/31/16,127.86
Delhi,4/1/16,130.7
Delhi,4/2/16,118.44
Delhi,4/3/16,148.22
Delhi,4/4/16,132.86
Delhi,4/5/16,97.83
Delhi,4/6/16,91.82
Delhi,4/7/16,129.61
Delhi,4/8/16,89.78
Delhi,4/9/16,166.76
Delhi,4/10/16,107.81
Delhi,4/11/16,81.12
Delhi,4/12/16,74.03
Delhi,4/13/16,74.9
Delhi,4/14/16,94.81
Delhi,4/15/16,137.48
Delhi,4/16/16,124.13
Delhi,4/17/16,102.86
Delhi,4/18/16,102.9
Delhi,4/19/16,129.06
Delhi,4/20/16,124.8
Delhi,4/21/16,92.74
Delhi,4/22/16,113.75
Delhi,4/23/16,89.52
Delhi,4/24/16,123.59
Delhi,4/25/16,104.5
Delhi,4/26/16,139.37
Delhi,4/27/16,162.54
Delhi,4/28/16,161.23
Delhi,4/29/16,181.49
Delhi,4/30/16,142.64
Delhi,5/1/16,124.21
Delhi,5/2/16,119.47
Delhi,5/3/16,125.36
Delhi,5/4/16,103.08
Delhi,5/5/16,65.02
Delhi,5/6/16,54.34
Delhi,5/7/16,77.89
Delhi,5/8/16,90.19
Delhi,5/9/16,77.34
Delhi,5/10/16,73.55
Delhi,5/11/16,66.49
Delhi,5/12/16,100.09
Delhi,5/13/16,99.88
Delhi,5/14/16,105.51
Delhi,5/15/16,128.85
Delhi,5/16/16,94.89
Delhi,5/17/16,92.95
Delhi,5/18/16,117.64
Delhi,5/19/16,94.22
Delhi,5/20/16,70.86
Delhi,5/21/16,78.02
Delhi,5/22/16,66.3
Delhi,5/23/16,87.31
Delhi,5/24/16,57.35
Delhi,5/25/16,105.02
Delhi,5/26/16,111.22
Delhi,5/27/16,180.71
Delhi,5/28/16,109.82
Delhi,5/29/16,42.67
Delhi,5/30/16,56.87
Delhi,5/31/16,101.54
Delhi,6/1/16,76.56
Delhi,6/2/16,81.4
Delhi,6/3/16,138.97
Delhi,6/4/16,137.81
Delhi,6/5/16,77.72
Delhi,6/6/16,84.61
Delhi,6/7/16,66.72
Delhi,6/8/16,64.08
Delhi,6/9/16,64.95
Delhi,6/10/16,75.75
Delhi,6/11/16,69.25
Delhi,6/12/16,70.71
Delhi,6/13/16,96.72
Delhi,6/14/16,59.02
Delhi,6/15/16,102.42
Delhi,6/16/16,62.37
Delhi,6/17/16,67.76
Delhi,6/18/16,79.17
Delhi,6/19/16,101.31
Delhi,6/20/16,83.1
Delhi,6/21/16,72.33
Delhi,6/22/16,75.14
Delhi,6/23/16,91.63
Delhi,6/24/16,100.02
Delhi,6/25/16,67.12
Delhi,6/26/16,48
Delhi,6/27/16,76.76
Delhi,6/28/16,80.89
Delhi,6/29/16,60.67
Delhi,6/30/16,69.65
Delhi,7/1/16,58.21
Delhi,7/2/16,57.24
Delhi,7/3/16,67.6
Delhi,7/4/16,57.1
Delhi,7/5/16,68.71
Delhi,7/6/16,77.71
Delhi,7/7/16,54.5
Delhi,7/8/16,54.96
Delhi,7/9/16,52.95
Delhi,7/10/16,59.13
Delhi,7/11/16,60.92
Delhi,7/12/16,39.32
Delhi,7/13/16,71.53
Delhi,7/14/16,73.51
Delhi,7/15/16,52.88
Delhi,7/16/16,50.99
Delhi,7/17/16,75.93
Delhi,7/18/16,44.08
Delhi,7/19/16,42.14
Delhi,7/20/16,56.86
Delhi,7/21/16,45.64
Delhi,7/22/16,48.36
Delhi,7/23/16,42.09
Delhi,7/24/16,59.4
Delhi,7/25/16,76.29
Delhi,7/26/16,54.5
Delhi,7/27/16,40.55
Delhi,7/28/16,46.44
Delhi,7/29/16,56.16
Delhi,7/30/16,42.7
Delhi,7/31/16,48.03
Delhi,8/1/16,43.47
Delhi,8/2/16,43.55
Delhi,8/3/16,50.86
Delhi,8/4/16,49.04
Delhi,8/5/16,39.3
Delhi,8/6/16,43.86
Delhi,8/7/16,42.84
Delhi,8/8/16,44.04
Delhi,8/9/16,41.29
Delhi,8/10/16,39.28
Delhi,8/11/16,30.66
Delhi,8/12/16,42.15
Delhi,8/13/16,56.45
Delhi,8/14/16,40.81
Delhi,8/15/16,39.51
Delhi,8/16/16,49.04
Delhi,8/17/16,62.19
Delhi,8/18/16,55.55
Delhi,8/19/16,59.03
Delhi,8/20/16,48.57
Delhi,8/21/16,28.01
Delhi,8/22/16,28.6
Delhi,8/23/16,38.99
Delhi,8/24/16,43.35
Delhi,8/25/16,45.88
Delhi,8/26/16,54.13
Delhi,8/27/16,56.56
Delhi,8/28/16,57.09
Delhi,8/29/16,54.73
Delhi,8/30/16,48.93
Delhi,8/31/16,37.1
Delhi,9/1/16,28.06
Delhi,9/2/16,44.31
Delhi,9/3/16,46.77
Delhi,9/4/16,57.64
Delhi,9/5/16,45.37
Delhi,9/6/16,50.42
Delhi,9/7/16,50.73
Delhi,9/8/16,71.72
Delhi,9/9/16,87.99
Delhi,9/10/16,45.7
Delhi,9/11/16,45.89
Delhi,9/12/16,49.7
Delhi,9/13/16,57.08
Delhi,9/14/16,47.36
Delhi,9/15/16,79.99
Delhi,9/16/16,67.11
Delhi,9/17/16,81.9
Delhi,9/18/16,86.16
Delhi,9/19/16,75.02
Delhi,9/20/16,94.23
Delhi,9/21/16,89.62
Delhi,9/22/16,32.73
Delhi,9/23/16,55.64
Delhi,9/24/16,56.46
Delhi,9/25/16,56.64
Delhi,9/26/16,89.09
Delhi,9/27/16,52.49
Delhi,9/28/16,105.43
Delhi,9/29/16,101.84
Delhi,9/30/16,84.33
Delhi,10/1/16,117.28
Delhi,10/2/16,81.87
Delhi,10/3/16,103.12
Delhi,10/4/16,159.8
Delhi,10/5/16,81.71
Delhi,10/6/16,117.86
Delhi,10/7/16,114.06
Delhi,10/8/16,132.11
Delhi,10/9/16,144.47
Delhi,10/10/16,125.8
Delhi,10/11/16,134.84
Delhi,10/12/16,114.3
Delhi,10/13/16,86.93
Delhi,10/14/16,94.83
Delhi,10/15/16,144.98
Delhi,10/16/16,132.01
Delhi,10/17/16,149.35
Delhi,10/18/16,161.49
Delhi,10/19/16,140.57
Delhi,10/20/16,135.9
Delhi,10/21/16,161.11
Delhi,10/22/16,140.92
Delhi,10/23/16,182.14
Delhi,10/24/16,164.51
Delhi,10/25/16,115.76
Delhi,10/26/16,209.27
Delhi,10/27/16,296.27
Delhi,10/28/16,318.57
Delhi,10/29/16,350.39
Delhi,10/30/16,355.77
Delhi,10/31/16,434.92
Delhi,11/1/16,394.59
Delhi,11/2/16,537.96
Delhi,11/3/16,482.4
Delhi,11/4/16,342.45
Delhi,11/5/16,588.39
Delhi,11/6/16,685.36
Delhi,11/7/16,488.57
Delhi,11/8/16,338.38
Delhi,11/9/16,307.08
Delhi,11/10/16,291.71
Delhi,11/11/16,295.88
Delhi,11/12/16,277.67
Delhi,11/13/16,228.16
Delhi,11/14/16,194.2
Delhi,11/15/16,236.09
Delhi,11/16/16,291.98
Delhi,11/17/16,351.47
Delhi,11/18/16,237.21
Delhi,11/19/16,285.71
Delhi,11/20/16,323.74
Delhi,11/21/16,340.61
Delhi,11/22/16,281.76
Delhi,11/23/16,174.56
Delhi,11/24/16,216.1
Delhi,11/25/16,136.21
Delhi,11/26/16,113.3
Delhi,11/27/16,128.7
Delhi,11/28/16,127.5
Delhi,11/29/16,236.58
Delhi,11/30/16,246.25
Delhi,12/1/16,263.61
Delhi,12/2/16,263.25
Delhi,12/3/16,196.6
Delhi,12/4/16,223.3
Delhi,12/5/16,204.6
Delhi,12/6/16,293.91
Delhi,12/7/16,283.61
Delhi,12/8/16,238.21
Delhi,12/9/16,295.62
Delhi,12/10/16,189.09
Delhi,12/11/16,199.12
Delhi,12/12/16,210.28
Delhi,12/13/16,209.91
Delhi,12/14/16,154.55
Delhi,12/15/16,167.64
Delhi,12/16/16,200.78
Delhi,12/17/16,229.35
Delhi,12/18/16,232.33
Delhi,12/19/16,236.24
Delhi,12/20/16,161.92
Delhi,12/21/16,131.95
Delhi,12/22/16,187.3
Delhi,12/23/16,364.15
Delhi,12/24/16,411.8
Delhi,12/25/16,232.41
Delhi,12/26/16,154.26
Delhi,12/27/16,213.2
Delhi,12/28/16,273.82
Delhi,12/29/16,339.96
Delhi,12/30/16,231.1
Delhi,12/31/16,211.16
Delhi,1/1/17,191.5
Delhi,1/2/17,247.79
Delhi,1/3/17,255.33
Delhi,1/4/17,248.01
Delhi,1/5/17,215.42
Delhi,1/6/17,194.12
Delhi,1/7/17,154.52
Delhi,1/8/17,136.98
Delhi,1/9/17,141.88
Delhi,1/10/17,108.26
Delhi,1/11/17,146.04
Delhi,1/12/17,216.73
Delhi,1/13/17,232.37
Delhi,1/14/17,309.28
Delhi,1/15/17,222.66
Delhi,1/16/17,188.08
Delhi,1/17/17,177.67
Delhi,1/18/17,218.63
Delhi,1/19/17,227.68
Delhi,1/20/17,217.55
Delhi,1/21/17,349.98
Delhi,1/22/17,286.6
Delhi,1/23/17,189.45
Delhi,1/24/17,230.94
Delhi,1/25/17,241.78
Delhi,1/26/17,135.87
Delhi,1/27/17,74.92
Delhi,1/28/17,109.13
Delhi,1/29/17,132.35
Delhi,1/30/17,166.71
Delhi,1/31/17,214.23
Delhi,2/1/17,136.02
Delhi,2/2/17,198.24
Delhi,2/3/17,194.99
Delhi,2/4/17,186.65
Delhi,2/5/17,146.49
Delhi,2/6/17,176.04
Delhi,2/7/17,77.85
Delhi,2/8/17,129.1
Delhi,2/9/17,133.12
Delhi,2/10/17,120.43
Delhi,2/11/17,129.09
Delhi,2/12/17,166.55
Delhi,2/13/17,130.62
Delhi,2/14/17,168.96
Delhi,2/15/17,183.98
Delhi,2/16/17,163.86
Delhi,2/17/17,112.02
Delhi,2/18/17,107.13
Delhi,2/19/17,109.38
Delhi,2/20/17,126.74
Delhi,2/21/17,106.92
Delhi,2/22/17,93.03
Delhi,2/23/17,182.29
Delhi,2/24/17,451.25
Delhi,2/25/17,425.22
Delhi,2/26/17,328.23
Delhi,2/27/17,178.5
Delhi,2/28/17,149.73
Delhi,3/1/17,127.9
Delhi,3/2/17,114.68
Delhi,3/3/17,67.83
Delhi,3/4/17,82.32
Delhi,3/5/17,90.6
Delhi,3/6/17,91.6
Delhi,3/7/17,112.41
Delhi,3/8/17,134.4
Delhi,3/9/17,106.45
Delhi,3/10/17,68.88
Delhi,3/11/17,37.49
Delhi,3/12/17,64.42
Delhi,3/13/17,74.58
Delhi,3/14/17,102.46
Delhi,3/15/17,112.71
Delhi,3/16/17,125.8
Delhi,3/17/17,114.07
Delhi,3/18/17,96.39
Delhi,3/19/17,120.43
Delhi,3/20/17,121.21
Delhi,3/21/17,128.51
Delhi,3/22/17,120.88
Delhi,3/23/17,151.17
Delhi,3/24/17,149.42
Delhi,3/25/17,168.23
Delhi,3/26/17,118.34
Delhi,3/27/17,156.38
Delhi,3/28/17,152.66
Delhi,3/29/17,113.62
Delhi,3/30/17,69.44
Delhi,3/31/17,91.19
Delhi,4/1/17,105.71
Delhi,4/2/17,83.36
Delhi,4/3/17,70.62
Delhi,4/4/17,84.4
Delhi,4/5/17,47.67
Delhi,4/6/17,62.44
Delhi,4/7/17,150.76
Delhi,4/8/17,151.25
Delhi,4/9/17,68.88
Delhi,4/10/17,129.15
Delhi,4/11/17,146.59
Delhi,4/12/17,107.69
Delhi,4/13/17,163.97
Delhi,4/14/17,184.69
Delhi,4/15/17,176.54
Delhi,4/16/17,175.23
Delhi,4/17/17,145.22
Delhi,4/18/17,152.84
Delhi,4/19/17,136.35
Delhi,4/20/17,152.99
Delhi,4/21/17,130.13
Delhi,4/22/17,110.54
Delhi,4/23/17,103.42
Delhi,4/24/17,99.09
Delhi,4/25/17,96.07
Delhi,4/26/17,72.31
Delhi,4/27/17,93.14
Delhi,4/28/17,109.36
Delhi,4/29/17,126.74
Delhi,4/30/17,80.81
Delhi,5/1/17,85.8
Delhi,5/2/17,198.2
Delhi,5/3/17,145.74
Delhi,5/4/17,109.91
Delhi,5/5/17,207.4
Delhi,5/6/17,204.56
Delhi,5/7/17,220.77
Delhi,5/8/17,183.82
Delhi,5/9/17,109.76
Delhi,5/10/17,74.42
Delhi,5/11/17,94.28
Delhi,5/12/17,216.96
Delhi,5/13/17,198.09
Delhi,5/14/17,121.76
Delhi,5/15/17,135.54
Delhi,5/16/17,123.21
Delhi,5/17/17,78.18
Delhi,5/18/17,126.04
Delhi,5/19/17,139.1
Delhi,5/20/17,233.82
Delhi,5/21/17,178.44
Delhi,5/22/17,110.1
Delhi,5/23/17,118.43
Delhi,5/24/17,107.37
Delhi,5/25/17,113.9
Delhi,5/26/17,103.75
Delhi,5/27/17,69.88
Delhi,5/28/17,40.33
Delhi,5/29/17,48.95
Delhi,5/30/17,63.27
Delhi,5/31/17,56.38
Delhi,6/1/17,95.23
Delhi,6/2/17,123.44
Delhi,6/3/17,122.2
Delhi,6/4/17,121.1
Delhi,6/5/17,71.89
Delhi,6/6/17,80.37
Delhi,6/7/17,40.87
Delhi,6/8/17,41.83
Delhi,6/9/17,66.73
Delhi,6/10/17,64.63
Delhi,6/11/17,43.02
Delhi,6/12/17,57.4
Delhi,6/13/17,48.6
Delhi,6/14/17,62
Delhi,6/15/17,80.14
Delhi,6/16/17,51.6
Delhi,6/17/17,41.96
Delhi,6/18/17,65.19
Delhi,6/19/17,60.9
Delhi,6/20/17,35.1
Delhi,6/21/17,58.27
Delhi,6/22/17,61.93
Delhi,6/23/17,44.08
Delhi,6/24/17,63.62
Delhi,6/25/17,76.1
Delhi,6/26/17,51.52
Delhi,6/27/17,36.62
Delhi,6/28/17,29.83
Delhi,6/29/17,22.98
Delhi,6/30/17,25.83
Delhi,7/1/17,43.35
Delhi,7/2/17,20.52
Delhi,7/3/17,46.71
Delhi,7/4/17,116.12
Delhi,7/5/17,50.81
Delhi,7/6/17,47.17
Delhi,7/7/17,41.42
Delhi,7/8/17,45.31
Delhi,7/9/17,58.46
Delhi,7/10/17,41.92
Delhi,7/11/17,33.04
Delhi,7/12/17,22.35
Delhi,7/13/17,22.44
Delhi,7/14/17,30.35
Delhi,7/15/17,32.02
Delhi,7/16/17,38.77
Delhi,7/17/17,33.56
Delhi,7/18/17,37.67
Delhi,7/19/17,55.96
Delhi,7/20/17,28.88
Delhi,7/21/17,23.12
Delhi,7/22/17,18.54
Delhi,7/23/17,22.65
Delhi,7/24/17,17.52
Delhi,7/25/17,22.17
Delhi,7/26/17,20.17
Delhi,7/27/17,24.42
Delhi,7/28/17,25.71
Delhi,7/29/17,27.25
Delhi,7/30/17,10.88
Delhi,7/31/17,17.1
Delhi,8/1/17,17.24
Delhi,8/2/17,27.56
Delhi,8/3/17,27.29
Delhi,8/4/17,42.65
Delhi,8/5/17,53.69
Delhi,8/6/17,61.44
Delhi,8/7/17,57.42
Delhi,8/8/17,36.58
Delhi,8/9/17,50.42
Delhi,8/10/17,48.6
Delhi,8/11/17,21.83
Delhi,8/12/17,
Delhi,8/13/17,
Delhi,8/14/17,26.54
Delhi,8/15/17,30.12
Delhi,8/16/17,35.23
Delhi,8/17/17,39.6
Delhi,8/18/17,46.25
Delhi,8/19/17,35.48
Delhi,8/20/17,22.15
Delhi,8/21/17,25.5
Delhi,8/22/17,46
Delhi,8/23/17,36.54
Delhi,8/24/17,47.79
Delhi,8/25/17,51.33
Delhi,8/26/17,62.33
Delhi,8/27/17,34.3
Delhi,8/28/17,23.82
Delhi,8/29/17,15.23
Delhi,8/30/17,20.5
Delhi,8/31/17,41.62
Delhi,9/1/17,25.58
Delhi,9/2/17,20.06
Delhi,9/3/17,38.19
Delhi,9/4/17,47.89
Delhi,9/5/17,35.61
Delhi,9/6/17,39.41
Delhi,9/7/17,40.34
Delhi,9/8/17,51.7
Delhi,9/9/17,54.83
Delhi,9/10/17,60.46
Delhi,9/11/17,63.97
Delhi,9/12/17,46.65
Delhi,9/13/17,54.77
Delhi,9/14/17,80.47
Delhi,9/15/17,64.37
Delhi,9/16/17,51.56
Delhi,9/17/17,53.05
Delhi,9/18/17,60.83
Delhi,9/19/17,55.55
Delhi,9/20/17,70.81
Delhi,9/21/17,55.93
Delhi,9/22/17,11.81
Delhi,9/23/17,17.76
Delhi,9/24/17,35.5
Delhi,9/25/17,50.09
Delhi,9/26/17,66.12
Delhi,9/27/17,80.94
Delhi,9/28/17,75.4
Delhi,9/29/17,89.38
Delhi,9/30/17,74.2
Delhi,10/1/17,68.47
Delhi,10/2/17,63.41
Delhi,10/3/17,69.45
Delhi,10/4/17,76.81
Delhi,10/5/17,75.73
Delhi,10/6/17,79.81
Delhi,10/7/17,70.98
Delhi,10/8/17,102.2
Delhi,10/9/17,107.63
Delhi,10/10/17,105.88
Delhi,10/11/17,104.45
Delhi,10/12/17,106.85
Delhi,10/13/17,137.42
Delhi,10/14/17,147.07
Delhi,10/15/17,147.83
Delhi,10/16/17,152.61
Delhi,10/17/17,121.7
Delhi,10/18/17,152.16
Delhi,10/19/17,176.17
Delhi,10/20/17,426.52
Delhi,10/21/17,213.12
Delhi,10/22/17,146.01
Delhi,10/23/17,163.35
Delhi,10/24/17,188.24
Delhi,10/25/17,203.03
Delhi,10/26/17,178.91
Delhi,10/27/17,167.54
Delhi,10/28/17,198.37
Delhi,10/29/17,187.82
Delhi,10/30/17,196.37
Delhi,10/31/17,211.64
Delhi,11/1/17,179.17
Delhi,11/2/17,160.69
Delhi,11/3/17,168.16
Delhi,11/4/17,190.33
Delhi,11/5/17,209.61
Delhi,11/6/17,216.53
Delhi,11/7/17,517.93
Delhi,11/8/17,639.19
Delhi,11/9/17,495.9
Delhi,11/10/17,370.73
Delhi,11/11/17,363.77
Delhi,11/12/17,465.08
Delhi,11/13/17,354.56
Delhi,11/14/17,254.36
Delhi,11/15/17,192.04
Delhi,11/16/17,191.57
Delhi,11/17/17,150.79
Delhi,11/18/17,143.51
Delhi,11/19/17,128.65
Delhi,11/20/17,171.34
Delhi,11/21/17,178.08
Delhi,11/22/17,177.41
Delhi,11/23/17,175.56
Delhi,11/24/17,187.97
Delhi,11/25/17,185.31
Delhi,11/26/17,224.37
Delhi,11/27/17,198.34
Delhi,11/28/17,167.74
Delhi,11/29/17,215.17
Delhi,11/30/17,219.84
Delhi,12/1/17,190.45
Delhi,12/2/17,208.87
Delhi,12/3/17,240.87
Delhi,12/4/17,261.82
Delhi,12/5/17,230.56
Delhi,12/6/17,120.91
Delhi,12/7/17,88.95
Delhi,12/8/17,115.08
Delhi,12/9/17,165.76
Delhi,12/10/17,230.34
Delhi,12/11/17,218.87
Delhi,12/12/17,109.18
Delhi,12/13/17,134.99
Delhi,12/14/17,126.67
Delhi,12/15/17,127.57
Delhi,12/16/17,100.72
Delhi,12/17/17,95.58
Delhi,12/18/17,115.19
Delhi,12/19/17,168.33
Delhi,12/20/17,283.24
Delhi,12/21/17,293.14
Delhi,12/22/17,157.72
Delhi,12/23/17,117.72
Delhi,12/24/17,203.18
Delhi,12/25/17,259
Delhi,12/26/17,224.42
Delhi,12/27/17,224.27
Delhi,12/28/17,249.17
Delhi,12/29/17,227.28
Delhi,12/30/17,273.56
Delhi,12/31/17,306.17
Delhi,1/1/18,303.41
Delhi,1/2/18,277.48
Delhi,1/3/18,217.01
Delhi,1/4/18,248.54
Delhi,1/5/18,240.42
Delhi,1/6/18,252.57
Delhi,1/7/18,191.66
Delhi,1/8/18,152.98
Delhi,1/9/18,233.1
Delhi,1/10/18,186.26
Delhi,1/11/18,154.64
Delhi,1/12/18,168.87
Delhi,1/13/18,230.5
Delhi,1/14/18,191.47
Delhi,1/15/18,177.71
Delhi,1/16/18,133.56
Delhi,1/17/18,235.06
Delhi,1/18/18,276.25
Delhi,1/19/18,253.7
Delhi,1/20/18,152.33
Delhi,1/21/18,153.61
Delhi,1/22/18,202.11
Delhi,1/23/18,160.79
Delhi,1/24/18,130.16
Delhi,1/25/18,111.75
Delhi,1/26/18,128.45
Delhi,1/27/18,155.2
Delhi,1/28/18,150.96
Delhi,1/29/18,162.48
Delhi,1/30/18,126.84
Delhi,1/31/18,123.48
Delhi,2/1/18,157.33
Delhi,2/2/18,140.35
Delhi,2/3/18,115.05
Delhi,2/4/18,133.8
Delhi,2/5/18,163.6
Delhi,2/6/18,143.29
Delhi,2/7/18,131.49
Delhi,2/8/18,186.19
Delhi,2/9/18,203.33
Delhi,2/10/18,209.7
Delhi,2/11/18,148.13
Delhi,2/12/18,72.36
Delhi,2/13/18,103.93
Delhi,2/14/18,76.92
Delhi,2/15/18,94.49
Delhi,2/16/18,123.19
Delhi,2/17/18,127.8
Delhi,2/18/18,127.27
Delhi,2/19/18,172.55
Delhi,2/20/18,167.16
Delhi,2/21/18,172.99
Delhi,2/22/18,159.67
Delhi,2/23/18,163.75
Delhi,2/24/18,164.2
Delhi,2/25/18,106.26
Delhi,2/26/18,67.27
Delhi,2/27/18,85.53
Delhi,2/28/18,143.25
Delhi,3/1/18,120.71
Delhi,3/2/18,139.18
Delhi,3/3/18,98.25
Delhi,3/4/18,79.83
Delhi,3/5/18,76.96
Delhi,3/6/18,75.45
Delhi,3/7/18,87.62
Delhi,3/8/18,139.88
Delhi,3/9/18,134.76
Delhi,3/10/18,75.67
Delhi,3/11/18,88.3
Delhi,3/12/18,105.29
Delhi,3/13/18,109.22
Delhi,3/14/18,116.62
Delhi,3/15/18,108.98
Delhi,3/16/18,111.67
Delhi,3/17/18,81.57
Delhi,3/18/18,82.15
Delhi,3/19/18,81.93
Delhi,3/20/18,109.99
Delhi,3/21/18,133.53
Delhi,3/22/18,83.4
Delhi,3/23/18,64.2
Delhi,3/24/18,78.4
Delhi,3/25/18,85.34
Delhi,3/26/18,85.9
Delhi,3/27/18,111.26
Delhi,3/28/18,117.78
Delhi,3/29/18,95.98
Delhi,3/30/18,96.45
Delhi,3/31/18,101.59
Delhi,4/1/18,75.14
Delhi,4/2/18,96.38
Delhi,4/3/18,101.18
Delhi,4/4/18,111.82
Delhi,4/5/18,152.56
Delhi,4/6/18,100.5
Delhi,4/7/18,48.46
Delhi,4/8/18,50.27
Delhi,4/9/18,49.56
Delhi,4/10/18,93.89
Delhi,4/11/18,48.61
Delhi,4/12/18,46.21
Delhi,4/13/18,83.96
Delhi,4/14/18,97.16
Delhi,4/15/18,107.36
Delhi,4/16/18,119.75
Delhi,4/17/18,81.97
Delhi,4/18/18,73.44
Delhi,4/19/18,89.49
Delhi,4/20/18,100.01
Delhi,4/21/18,119.24
Delhi,4/22/18,62.06
Delhi,4/23/18,76.11
Delhi,4/24/18,108.64
Delhi,4/25/18,117.56
Delhi,4/26/18,142.82
Delhi,4/27/18,107.47
Delhi,4/28/18,84.13
Delhi,4/29/18,89.1
Delhi,4/30/18,79.3
Delhi,5/1/18,54.88
Delhi,5/2/18,66.74
Delhi,5/3/18,47.25
Delhi,5/4/18,49.09
Delhi,5/5/18,74.82
Delhi,5/6/18,110.48
Delhi,5/7/18,111.95
Delhi,5/8/18,61
Delhi,5/9/18,71.99
Delhi,5/10/18,93.45
Delhi,5/11/18,132.39
Delhi,5/12/18,144.33
Delhi,5/13/18,80.64
Delhi,5/14/18,49.22
Delhi,5/15/18,67.23
Delhi,5/16/18,78.74
Delhi,5/17/18,105.99
Delhi,5/18/18,96.96
Delhi,5/19/18,103.98
Delhi,5/20/18,83.66
Delhi,5/21/18,71.25
Delhi,5/22/18,91.16
Delhi,5/23/18,129.23
Delhi,5/24/18,114.13
Delhi,5/25/18,83.88
Delhi,5/26/18,103.02
Delhi,5/27/18,97.37
Delhi,5/28/18,117.56
Delhi,5/29/18,112.6
Delhi,5/30/18,65.76
Delhi,5/31/18,71.99
Delhi,6/1/18,79.98
Delhi,6/2/18,52.6
Delhi,6/3/18,59.52
Delhi,6/4/18,64.42
Delhi,6/5/18,61.72
Delhi,6/6/18,57.68
Delhi,6/7/18,73.77
Delhi,6/8/18,76.78
Delhi,6/9/18,52.79
Delhi,6/10/18,67.02
Delhi,6/11/18,73.22
Delhi,6/12/18,141.28
Delhi,6/13/18,261.77
Delhi,6/14/18,225.49
Delhi,6/15/18,153.28
Delhi,6/16/18,127.32
Delhi,6/17/18,84.47
Delhi,6/18/18,61.06
Delhi,6/19/18,52.76
Delhi,6/20/18,67.55
Delhi,6/21/18,76.98
Delhi,6/22/18,83.98
Delhi,6/23/18,81.33
Delhi,6/24/18,54.15
Delhi,6/25/18,46.9
Delhi,6/26/18,29.98
Delhi,6/27/18,52.48
Delhi,6/28/18,30.07
Delhi,6/29/18,37.11
Delhi,6/30/18,41.41
Delhi,7/1/18,34.18
Delhi,7/2/18,34.24
Delhi,7/3/18,44.55
Delhi,7/4/18,45.76
Delhi,7/5/18,50.41
Delhi,7/6/18,57.12
Delhi,7/7/18,61.93
Delhi,7/8/18,68.2
Delhi,7/9/18,70.48
Delhi,7/10/18,47.48
Delhi,7/11/18,39.78
Delhi,7/12/18,46.53
Delhi,7/13/18,28.44
Delhi,7/14/18,33.82
Delhi,7/15/18,37.76
Delhi,7/16/18,37.32
Delhi,7/17/18,34.26
Delhi,7/18/18,37.76
Delhi,7/19/18,35.04
Delhi,7/20/18,37.26
Delhi,7/21/18,50.21
Delhi,7/22/18,25.81
Delhi,7/23/18,32.39
Delhi,7/24/18,39.3
Delhi,7/25/18,34.7
Delhi,7/26/18,32.22
Delhi,7/27/18,21.75
Delhi,7/28/18,37.69
Delhi,7/29/18,44.03
Delhi,7/30/18,39.89
Delhi,7/31/18,50.59
Delhi,8/1/18,55.77
Delhi,8/2/18,71.5
Delhi,8/3/18,65.46
Delhi,8/4/18,69.75
Delhi,8/5/18,63.57
Delhi,8/6/18,50.64
Delhi,8/7/18,44.54
Delhi,8/8/18,36.7
Delhi,8/9/18,36.84
Delhi,8/10/18,46.24
Delhi,8/11/18,32.72
Delhi,8/12/18,25.7
Delhi,8/13/18,32.75
Delhi,8/14/18,46.85
Delhi,8/15/18,43
Delhi,8/16/18,36.49
Delhi,8/17/18,32.98
Delhi,8/18/18,32.11
Delhi,8/19/18,47.01
Delhi,8/20/18,61.1
Delhi,8/21/18,30.98
Delhi,8/22/18,29.75
Delhi,8/23/18,31.19
Delhi,8/24/18,23.71
Delhi,8/25/18,21.96
Delhi,8/26/18,23.96
Delhi,8/27/18,24.78
Delhi,8/28/18,29.26
Delhi,8/29/18,36.06
Delhi,8/30/18,41.26
Delhi,8/31/18,47.53
Delhi,9/1/18,45.19
Delhi,9/2/18,40.9
Delhi,9/3/18,42.06
Delhi,9/4/18,55.72
Delhi,9/5/18,39.77
Delhi,9/6/18,49.44
Delhi,9/7/18,42.11
Delhi,9/8/18,35.45
Delhi,9/9/18,29.1
Delhi,9/10/18,36.99
Delhi,9/11/18,28.33
Delhi,9/12/18,28.55
Delhi,9/13/18,27.49
Delhi,9/14/18,31.38
Delhi,9/15/18,37.48
Delhi,9/16/18,43.09
Delhi,9/17/18,55.86
Delhi,9/18/18,54.94
Delhi,9/19/18,58.63
Delhi,9/20/18,73.3
Delhi,9/21/18,46.73
Delhi,9/22/18,24.29
Delhi,9/23/18,30.71
Delhi,9/24/18,21.46
Delhi,9/25/18,21.45
Delhi,9/26/18,42.83
Delhi,9/27/18,71.44
Delhi,9/28/18,83.78
Delhi,9/29/18,92.46
Delhi,9/30/18,69.49
Delhi,10/1/18,65.78
Delhi,10/2/18,76.03
Delhi,10/3/18,63.37
Delhi,10/4/18,97.4
Delhi,10/5/18,121.12
Delhi,10/6/18,78.87
Delhi,10/7/18,81.14
Delhi,10/8/18,118.6
Delhi,10/9/18,103.26
Delhi,10/10/18,93.36
Delhi,10/11/18,70.42
Delhi,10/12/18,67.93
Delhi,10/13/18,132.93
Delhi,10/14/18,91.88
Delhi,10/15/18,115.96
Delhi,10/16/18,139.18
Delhi,10/17/18,137.29
Delhi,10/18/18,143.2
Delhi,10/19/18,137.73
Delhi,10/20/18,168.87
Delhi,10/21/18,141.15
Delhi,10/22/18,121.65
Delhi,10/23/18,119.4
Delhi,10/24/18,174.04
Delhi,10/25/18,168.82
Delhi,10/26/18,203.12
Delhi,10/27/18,206.05
Delhi,10/28/18,205
Delhi,10/29/18,231.83
Delhi,10/30/18,263.39
Delhi,10/31/18,225.17
Delhi,11/1/18,236.67
Delhi,11/2/18,205.44
Delhi,11/3/18,159.56
Delhi,11/4/18,97.27
Delhi,11/5/18,361.98
Delhi,11/6/18,177.88
Delhi,11/7/18,175.43
Delhi,11/8/18,420.3
Delhi,11/9/18,300.91
Delhi,11/10/18,288.86
Delhi,11/11/18,256.68
Delhi,11/12/18,271.7
Delhi,11/13/18,265.06
Delhi,11/14/18,136.2
Delhi,11/15/18,98.53
Delhi,11/16/18,138.49
Delhi,11/17/18,135.21
Delhi,11/18/18,166.43
Delhi,11/19/18,179.79
Delhi,11/20/18,224.1
Delhi,11/21/18,209.96
Delhi,11/22/18,139.02
Delhi,11/23/18,187.85
Delhi,11/24/18,107.73
Delhi,11/25/18,133.62
Delhi,11/26/18,200.69
Delhi,11/27/18,205.53
Delhi,11/28/18,193.1
Delhi,11/29/18,205.17
Delhi,11/30/18,190.36
Delhi,12/1/18,147.48
Delhi,12/2/18,164.63
Delhi,12/3/18,178.87
Delhi,12/4/18,211.57
Delhi,12/5/18,181.62
Delhi,12/6/18,218.06
Delhi,12/7/18,193.81
Delhi,12/8/18,202.83
Delhi,12/9/18,226.35
Delhi,12/10/18,264.63
Delhi,12/11/18,274.97
Delhi,12/12/18,209.63
Delhi,12/13/18,94.29
Delhi,12/14/18,113.42
Delhi,12/15/18,122.69
Delhi,12/16/18,150.28
Delhi,12/17/18,182.78
Delhi,12/18/18,204.08
Delhi,12/19/18,205.22
Delhi,12/20/18,258.1
Delhi,12/21/18,252.2
Delhi,12/22/18,326.79
Delhi,12/23/18,401.58
Delhi,12/24/18,378.68
Delhi,12/25/18,268.2
Delhi,12/26/18,241
Delhi,12/27/18,290.1
Delhi,12/28/18,249.23
Delhi,12/29/18,248.12
Delhi,12/30/18,336.42
Delhi,12/31/18,319.69