"Date","Time (LST/LDT)","Highest","MHHW (ft)","MHW (ft)","MSL (ft)","MTL (ft)","MLW (ft)","MLLW (ft)","Lowest (ft)","Inf"
"1980/02/01","00:00","572.956","NaN","NaN","572.105","NaN","NaN","NaN","571.506","0"
"1980/03/01","00:00","573.327","NaN","NaN","572.309","NaN","NaN","NaN","571.696","0"
"1980/04/01","00:00","573.848","NaN","NaN","573.002","NaN","NaN","NaN","572.277","0"
"1980/05/01","00:00","573.829","NaN","NaN","573.048","NaN","NaN","NaN","572.589","0"
"1980/06/01","00:00","574.078","NaN","NaN","573.158","NaN","NaN","NaN","572.589","0"
"1980/07/01","00:00","573.796","NaN","NaN","573.019","NaN","NaN","NaN","572.136","0"
"1980/08/01","00:00","573.615","NaN","NaN","573.134","NaN","NaN","NaN","572.598","0"
"1980/09/01","00:00","573.517","NaN","NaN","572.878","NaN","NaN","NaN","572.169","0"
"1980/10/01","00:00","572.917","NaN","NaN","572.273","NaN","NaN","NaN","571.447","0"
"1980/11/01","00:00","572.388","NaN","NaN","571.813","NaN","NaN","NaN","570.696","0"
"1980/12/01","00:00","572.657","NaN","NaN","571.743","NaN","NaN","NaN","570.597","0"
"1981/01/01","00:00","571.906","NaN","NaN","571.385","NaN","NaN","NaN","570.577","0"
"1981/02/01","00:00","571.926","NaN","NaN","571.311","NaN","NaN","NaN","570.617","0"
"1981/03/01","00:00","572.526","NaN","NaN","571.866","NaN","NaN","NaN","571.476","0"
"1981/04/01","00:00","572.618","NaN","NaN","572.096","NaN","NaN","NaN","571.447","0"
"1981/05/01","00:00","572.808","NaN","NaN","572.535","NaN","NaN","NaN","572.208","0"
"1981/06/01","00:00","573.287","NaN","NaN","572.785","NaN","NaN","NaN","572.297","0"
"1981/07/01","00:00","573.258","NaN","NaN","572.843","NaN","NaN","NaN","572.487","0"
"1981/08/01","00:00","573.058","NaN","NaN","572.631","NaN","NaN","NaN","572.169","0"
"1981/09/01","00:00","573.136","NaN","NaN","572.518","NaN","NaN","NaN","571.926","0"
"1981/10/01","00:00","573.028","NaN","NaN","572.327","NaN","NaN","NaN","570.748","0"
"1981/11/01","00:00","572.946","NaN","NaN","572.144","NaN","NaN","NaN","570.827","0"
"1981/12/01","00:00","572.687","NaN","NaN","571.924","NaN","NaN","NaN","571.007","0"
"1982/01/01","00:00","572.848","NaN","NaN","571.7","NaN","NaN","NaN","569.836","0"
"1982/02/01","00:00","572.408","NaN","NaN","571.799","NaN","NaN","NaN","570.748","0"
"1982/03/01","00:00","573.287","NaN","NaN","572.264","NaN","NaN","NaN","571.339","0"
"1982/04/01","00:00","575.256","NaN","NaN","573.001","NaN","NaN","NaN","571.637","0"
"1982/05/01","00:00","573.248","NaN","NaN","572.921","NaN","NaN","NaN","572.638","0"
"1982/06/01","00:00","573.478","NaN","NaN","572.976","NaN","NaN","NaN","572.418","0"
"1982/07/01","00:00","573.196","NaN","NaN","572.823","NaN","NaN","NaN","572.418","0"
"1982/08/01","00:00","572.838","NaN","NaN","572.397","NaN","NaN","NaN","571.867","0"
"1982/09/01","00:00","572.556","NaN","NaN","571.983","NaN","NaN","NaN","571.476","0"
"1982/10/01","00:00","572.346","NaN","NaN","571.67","NaN","NaN","NaN","570.089","0"
"1982/11/01","00:00","572.477","NaN","NaN","571.622","NaN","NaN","NaN","570.748","0"
"1982/12/01","00:00","572.507","NaN","NaN","571.926","NaN","NaN","NaN","571.027","0"
"1983/01/01","00:00","572.838","NaN","NaN","572.108","NaN","NaN","NaN","571.398","0"
"1983/02/01","00:00","572.526","NaN","NaN","572.074","NaN","NaN","NaN","571.608","0"
"1983/03/01","00:00","573.517","NaN","NaN","572.212","NaN","NaN","NaN","571.847","0"
"1983/04/01","00:00","573.176","NaN","NaN","572.618","NaN","NaN","NaN","572.126","0"
"1983/05/01","00:00","573.615","NaN","NaN","573.118","NaN","NaN","NaN","572.418","0"
"1983/06/01","00:00","573.806","NaN","NaN","573.166","NaN","NaN","NaN","572.858","0"
"1983/07/01","00:00","573.668","NaN","NaN","573.165","NaN","NaN","NaN","572.697","0"
"1983/08/01","00:00","573.927","NaN","NaN","573.137","NaN","NaN","NaN","572.579","0"
"1983/09/01","00:00","573.166","NaN","NaN","572.606","NaN","NaN","NaN","571.926","0"
"1983/10/01","00:00","572.946","NaN","NaN","572.205","NaN","NaN","NaN","571.086","0"
"1983/11/01","00:00","573.097","NaN","NaN","572.167","NaN","NaN","NaN","571.158","0"
"1983/12/01","00:00","572.956","NaN","NaN","572.258","NaN","NaN","NaN","571.427","0"
"1984/01/01","00:00","572.536","NaN","NaN","572.055","NaN","NaN","NaN","571.706","0"
"1984/02/01","00:00","573.448","NaN","NaN","572.149","NaN","NaN","NaN","571.706","0"
"1984/03/01","00:00","573.766","NaN","NaN","572.679","NaN","NaN","NaN","571.877","0"
"1984/04/01","00:00","573.386","NaN","NaN","572.913","NaN","NaN","NaN","571.798","0"
"1984/05/01","00:00","573.747","NaN","NaN","572.814","NaN","NaN","NaN","571.847","0"
"1984/06/01","00:00","573.576","NaN","NaN","573.113","NaN","NaN","NaN","572.717","0"
"1984/07/01","00:00","573.448","NaN","NaN","573.039","NaN","NaN","NaN","572.707","0"
"1984/08/01","00:00","573.629","NaN","NaN","572.87","NaN","NaN","NaN","572.228","0"
"1984/09/01","00:00","573.337","NaN","NaN","572.572","NaN","NaN","NaN","572.067","0"
"1984/10/01","00:00","572.877","NaN","NaN","572.353","NaN","NaN","NaN","571.726","0"
"1984/11/01","00:00","572.799","NaN","NaN","572.097","NaN","NaN","NaN","571.056","0"
"1984/12/01","00:00","572.736","NaN","NaN","571.934","NaN","NaN","NaN","571.037","0"
"1985/01/01","00:00","573.028","NaN","NaN","572.176","NaN","NaN","NaN","570.768","0"
"1985/02/01","00:00","573.048","NaN","NaN","572.37","NaN","NaN","NaN","571.768","0"
"1985/03/01","00:00","574.416","NaN","NaN","573.449","NaN","NaN","NaN","572.428","0"
"1985/04/01","00:00","574.816","NaN","NaN","574.058","NaN","NaN","NaN","572.707","0"
"1985/05/01","00:00","574.426","NaN","NaN","573.88","NaN","NaN","NaN","573.488","0"
"1985/06/01","00:00","574.347","NaN","NaN","573.774","NaN","NaN","NaN","573.386","0"
"1985/07/01","00:00","574.137","NaN","NaN","573.592","NaN","NaN","NaN","573.009","0"
"1985/08/01","00:00","573.707","NaN","NaN","573.258","NaN","NaN","NaN","572.877","0"
"1985/09/01","00:00","573.615","NaN","NaN","573.019","NaN","NaN","NaN","572.438","0"
"1985/10/01","00:00","573.917","NaN","NaN","572.605","NaN","NaN","NaN","571.588","0"
"1985/11/01","00:00","574.216","NaN","NaN","573.147","NaN","NaN","NaN","572.037","0"
"1985/12/01","00:00","573.907","NaN","NaN","573.18","NaN","NaN","NaN","571.217","0"
"1986/01/01","00:00","573.747","NaN","NaN","572.949","NaN","NaN","NaN","571.627","0"
"1986/02/01","00:00","574.288","NaN","NaN","573.448","NaN","NaN","NaN","572.766","0"
"1986/03/01","00:00","574.186","NaN","NaN","573.706","NaN","NaN","NaN","572.697","0"
"1986/04/01","00:00","574.357","NaN","NaN","573.952","NaN","NaN","NaN","573.297","0"
"1986/05/01","00:00","574.488","NaN","NaN","574.03","NaN","NaN","NaN","573.176","0"
"1986/06/01","00:00","575.007","NaN","NaN","574.299","NaN","NaN","NaN","573.878","0"
"1986/07/01","00:00","574.596","NaN","NaN","574.258","NaN","NaN","NaN","573.678","0"
"1986/08/01","00:00","574.646","NaN","NaN","573.967","NaN","NaN","NaN","573.238","0"
"1986/09/01","00:00","574.167","NaN","NaN","573.557","NaN","NaN","NaN","572.858","0"
"1986/10/01","00:00","574.678","NaN","NaN","573.906","NaN","NaN","NaN","573.278","0"
"1986/11/01","00:00","574.577","NaN","NaN","573.606","NaN","NaN","NaN","572.986","0"
"1986/12/01","00:00","574.459","NaN","NaN","573.703","NaN","NaN","NaN","572.789","0"
"1987/01/01","00:00","575.187","NaN","NaN","573.644","NaN","NaN","NaN","572.848","0"
"1987/02/01","00:00","575.299","NaN","NaN","573.437","NaN","NaN","NaN","573.038","0"
"1987/03/01","00:00","574.078","NaN","NaN","573.291","NaN","NaN","NaN","572.638","0"
"1987/04/01","00:00","574.606","NaN","NaN","573.61","NaN","NaN","NaN","572.726","0"
"1987/05/01","00:00","573.986","NaN","NaN","573.472","NaN","NaN","NaN","572.867","0"
"1987/06/01","00:00","573.976","NaN","NaN","573.381","NaN","NaN","NaN","572.927","0"
"1987/07/01","00:00","573.937","NaN","NaN","573.413","NaN","NaN","NaN","572.877","0"
"1987/08/01","00:00","574.147","NaN","NaN","573.113","NaN","NaN","NaN","572.028","0"
"1987/09/01","00:00","573.497","NaN","NaN","572.816","NaN","NaN","NaN","572.365","0"
"1987/10/01","00:00","573.258","NaN","NaN","572.283","NaN","NaN","NaN","571.388","0"
"1987/11/01","00:00","572.897","NaN","NaN","572.008","NaN","NaN","NaN","570.906","0"
"1987/12/01","00:00","572.999","NaN","NaN","572.021","NaN","NaN","NaN","569.957","0"
"1988/01/01","00:00","572.598","NaN","NaN","571.867","NaN","NaN","NaN","570.978","0"
"1988/02/01","00:00","572.398","NaN","NaN","571.915","NaN","NaN","NaN","571.276","0"
"1988/03/01","00:00","572.736","NaN","NaN","572.048","NaN","NaN","NaN","571.227","0"
"1988/04/01","00:00","573.366","NaN","NaN","572.383","NaN","NaN","NaN","571.818","0"
"1988/05/01","00:00","572.858","NaN","NaN","572.36","NaN","NaN","NaN","571.749","0"
"1988/06/01","00:00","572.828","NaN","NaN","572.189","NaN","NaN","NaN","571.827","0"
"1988/07/01","00:00","573.166","NaN","NaN","571.942","NaN","NaN","NaN","571.486","0"
"1988/08/01","00:00","572.598","NaN","NaN","571.734","NaN","NaN","NaN","571.056","0"
"1988/09/01","00:00","572.047","NaN","NaN","571.315","NaN","NaN","NaN","570.568","0"
"1988/10/01","00:00","571.877","NaN","NaN","570.954","NaN","NaN","NaN","569.856","0"
"1988/11/01","00:00","572.365","NaN","NaN","570.871","NaN","NaN","NaN","569.698","0"
"1988/12/01","00:00","571.867","NaN","NaN","570.811","NaN","NaN","NaN","570.089","0"
"1989/01/01","00:00","571.617","NaN","NaN","570.967","NaN","NaN","NaN","569.777","0"
"1989/02/01","00:00","571.959","NaN","NaN","571.043","NaN","NaN","NaN","570.046","0"
"1989/03/01","00:00","571.798","NaN","NaN","571.188","NaN","NaN","NaN","570.217","0"
"1989/04/01","00:00","572.326","NaN","NaN","571.639","NaN","NaN","NaN","571.037","0"
"1989/05/01","00:00","572.687","NaN","NaN","571.908","NaN","NaN","NaN","571.276","0"
"1989/06/01","00:00","573.097","NaN","NaN","572.569","NaN","NaN","NaN","571.706","0"
"1989/07/01","00:00","572.956","NaN","NaN","572.554","NaN","NaN","NaN","572.116","0"
"1989/08/01","00:00","572.776","NaN","NaN","572.15","NaN","NaN","NaN","571.617","0"
"1989/09/01","00:00","572.667","NaN","NaN","571.862","NaN","NaN","NaN","571.207","0"
"1989/10/01","00:00","572.365","NaN","NaN","571.355","NaN","NaN","NaN","570.656","0"
"1989/11/01","00:00","572.126","NaN","NaN","570.97","NaN","NaN","NaN","570.138","0"
"1989/12/01","00:00","571.837","NaN","NaN","570.773","NaN","NaN","NaN","570.046","0"
"1990/01/01","00:00","571.339","NaN","NaN","570.697","NaN","NaN","NaN","569.206","0"
"1990/02/01","00:00","574.177","NaN","NaN","571.397","NaN","NaN","NaN","570.656","0"
"1990/03/01","00:00","572.287","NaN","NaN","571.845","NaN","NaN","NaN","571.247","0"
"1990/04/01","00:00","572.516","NaN","NaN","572.021","NaN","NaN","NaN","571.588","0"
"1990/05/01","00:00","572.956","NaN","NaN","572.213","NaN","NaN","NaN","571.437","0"
"1990/06/01","00:00","572.986","NaN","NaN","572.284","NaN","NaN","NaN","571.706","0"
"1990/07/01","00:00","572.638","NaN","NaN","572.196","NaN","NaN","NaN","571.857","0"
"1990/08/01","00:00","572.808","NaN","NaN","572.136","NaN","NaN","NaN","571.398","0"
"1990/09/01","00:00","573.048","NaN","NaN","572.082","NaN","NaN","NaN","571.306","0"
"1990/10/01","00:00","572.516","NaN","NaN","571.779","NaN","NaN","NaN","570.427","0"
"1990/11/01","00:00","572.346","NaN","NaN","571.51","NaN","NaN","NaN","570.456","0"
"1990/12/01","00:00","572.536","NaN","NaN","571.573","NaN","NaN","NaN","570.358","0"
"1991/01/01","00:00","572.976","NaN","NaN","572.167","NaN","NaN","NaN","571.096","0"
"1991/02/01","00:00","572.487","NaN","NaN","572.015","NaN","NaN","NaN","571.329","0"
"1991/03/01","00:00","572.746","NaN","NaN","572.259","NaN","NaN","NaN","571.027","0"
"1991/04/01","00:00","573.077","NaN","NaN","572.407","NaN","NaN","NaN","571.266","0"
"1991/05/01","00:00","573.406","NaN","NaN","572.609","NaN","NaN","NaN","572.208","0"
"1991/06/01","00:00","573.219","NaN","NaN","572.656","NaN","NaN","NaN","572.008","0"
"1991/07/01","00:00","572.848","NaN","NaN","572.336","NaN","NaN","NaN","571.818","0"
"1991/08/01","00:00","572.536","NaN","NaN","572.021","NaN","NaN","NaN","571.549","0"
"1991/09/01","00:00","572.398","NaN","NaN","571.662","NaN","NaN","NaN","570.676","0"
"1991/10/01","00:00","571.716","NaN","NaN","571.115","NaN","NaN","NaN","570.436","0"
"1991/11/01","00:00","571.516","NaN","NaN","570.881","NaN","NaN","NaN","570.118","0"
"1991/12/01","00:00","572.047","NaN","NaN","570.947","NaN","NaN","NaN","569.767","0"
"1992/01/01","00:00","573.058","NaN","NaN","571.062","NaN","NaN","NaN","570.236","0"
"1992/02/01","00:00","571.969","NaN","NaN","571.224","NaN","NaN","NaN","570.827","0"
"1992/03/01","00:00","572.369","NaN","NaN","571.584","NaN","NaN","NaN","570.738","0"
"1992/04/01","00:00","573.199","NaN","NaN","571.942","NaN","NaN","NaN","571.378","0"
"1992/05/01","00:00","572.838","NaN","NaN","572.234","NaN","NaN","NaN","571.886","0"
"1992/06/01","00:00","572.818","NaN","NaN","572.202","NaN","NaN","NaN","571.578","0"
"1992/07/01","00:00","573.297","NaN","NaN","572.385","NaN","NaN","NaN","571.627","0"
"1992/08/01","00:00","572.917","NaN","NaN","572.526","NaN","NaN","NaN","571.929","0"
"1992/09/01","00:00","573.327","NaN","NaN","572.487","NaN","NaN","NaN","571.598","0"
"1992/10/01","00:00","572.759","NaN","NaN","572.096","NaN","NaN","NaN","571.447","0"
"1992/11/01","00:00","573.776","NaN","NaN","572.168","NaN","NaN","NaN","570.249","0"
"1992/12/01","00:00","572.828","NaN","NaN","572.221","NaN","NaN","NaN","570.646","0"
"1993/01/01","00:00","573.399","NaN","NaN","572.717","NaN","NaN","NaN","571.759","0"
"1993/02/01","00:00","573.379","NaN","NaN","572.609","NaN","NaN","NaN","572.047","0"
"1993/03/01","00:00","573.589","NaN","NaN","572.663","NaN","NaN","NaN","571.768","0"
"1993/04/01","00:00","573.829","NaN","NaN","573.129","NaN","NaN","NaN","572.717","0"
"1993/05/01","00:00","573.537","NaN","NaN","573.026","NaN","NaN","NaN","572.589","0"
"1993/06/01","00:00","573.766","NaN","NaN","572.993","NaN","NaN","NaN","572.428","0"
"1993/07/01","00:00","573.868","NaN","NaN","572.957","NaN","NaN","NaN","572.438","0"
"1993/08/01","00:00","572.969","NaN","NaN","572.587","NaN","NaN","NaN","572.198","0"
"1993/09/01","00:00","572.799","NaN","NaN","572.202","NaN","NaN","NaN","571.207","0"
"1993/10/01","00:00","572.369","NaN","NaN","571.777","NaN","NaN","NaN","570.846","0"
"1993/11/01","00:00","572.228","NaN","NaN","571.572","NaN","NaN","NaN","570.738","0"
"1993/12/01","00:00","572.516","NaN","NaN","571.749","NaN","NaN","NaN","571.007","0"
"1994/01/01","00:00","572.388","NaN","NaN","571.478","NaN","NaN","NaN","570.689","0"
"1994/02/01","00:00","572.516","NaN","NaN","571.418","NaN","NaN","NaN","570.778","0"
"1994/03/01","00:00","572.178","NaN","NaN","571.744","NaN","NaN","NaN","571.319","0"
"1994/04/01","00:00","573.258","NaN","NaN","572.4","NaN","NaN","NaN","571.837","0"
"1994/05/01","00:00","573.297","NaN","NaN","572.593","NaN","NaN","NaN","572.218","0"
"1994/06/01","00:00","573.209","NaN","NaN","572.575","NaN","NaN","NaN","572.119","0"
"1994/07/01","00:00","573.097","NaN","NaN","572.741","NaN","NaN","NaN","572.339","0"
"1994/08/01","00:00","573.219","NaN","NaN","572.583","NaN","NaN","NaN","571.919","0"
"1994/09/01","00:00","572.867","NaN","NaN","572.195","NaN","NaN","NaN","571.407","0"
"1994/10/01","00:00","572.369","NaN","NaN","571.84","NaN","NaN","NaN","571.207","0"
"1994/11/01","00:00","572.959","NaN","NaN","571.524","NaN","NaN","NaN","569.938","0"
"1994/12/01","00:00","572.208","NaN","NaN","571.501","NaN","NaN","NaN","570.627","0"
"1995/01/01","00:00","572.388","NaN","NaN","571.551","NaN","NaN","NaN","570.489","0"
"1995/02/01","00:00","572.339","NaN","NaN","571.659","NaN","NaN","NaN","570.889","0"
"1995/03/01","00:00","572.218","NaN","NaN","571.783","NaN","NaN","NaN","571.276","0"
"1995/04/01","00:00","572.697","NaN","NaN","572.064","NaN","NaN","NaN","571.427","0"
"1995/05/01","00:00","572.667","NaN","NaN","572.227","NaN","NaN","NaN","571.818","0"
"1995/06/01","00:00","572.979","NaN","NaN","572.351","NaN","NaN","NaN","571.929","0"
"1995/07/01","00:00","573.068","NaN","NaN","572.245","NaN","NaN","NaN","571.378","0"
"1995/08/01","00:00","572.927","NaN","NaN","572.178","NaN","NaN","NaN","571.637","0"
"1995/09/01","00:00","572.306","NaN","NaN","571.632","NaN","NaN","NaN","571.138","0"
"1995/10/01","00:00","573.458","NaN","NaN","571.307","NaN","NaN","NaN","569.177","0"
"1995/11/01","00:00","572.178","NaN","NaN","571.14","NaN","NaN","NaN","570.217","0"
"1995/12/01","00:00","572.106","NaN","NaN","571.055","NaN","NaN","NaN","569.888","0"
"1996/01/01","00:00","572.388","NaN","NaN","570.915","NaN","NaN","NaN","569.347","0"
"1996/02/01","00:00","571.588","NaN","NaN","571.004","NaN","NaN","NaN","570.299","0"
"1996/03/01","00:00","572.818","NaN","NaN","571.368","NaN","NaN","NaN","569.879","0"
"1996/04/01","00:00","572.828","NaN","NaN","571.598","NaN","NaN","NaN","571.066","0"
"1996/05/01","00:00","572.999","NaN","NaN","572.254","NaN","NaN","NaN","571.309","0"
"1996/06/01","00:00","573.478","NaN","NaN","572.736","NaN","NaN","NaN","572.169","0"
"1996/07/01","00:00","573.278","NaN","NaN","572.894","NaN","NaN","NaN","572.457","0"
"1996/08/01","00:00","573.097","NaN","NaN","572.697","NaN","NaN","NaN","572.362","0"
"1996/09/01","00:00","573.471","NaN","NaN","572.573","NaN","NaN","NaN","571.936","0"
"1996/10/01","00:00","573.625","NaN","NaN","572.394","NaN","NaN","NaN","570.748","0"
"1996/11/01","00:00","573.356","NaN","NaN","572.215","NaN","NaN","NaN","571.814","0"
"1996/12/01","00:00","573.074","NaN","NaN","572.306","NaN","NaN","NaN","571.184","0"
"1997/01/01","00:00","573.222","NaN","NaN","572.271","NaN","NaN","NaN","571.073","0"
"1997/02/01","00:00","573.74","NaN","NaN","572.573","NaN","NaN","NaN","571.581","0"
"1997/03/01","00:00","573.934","NaN","NaN","573.426","NaN","NaN","NaN","572.707","0"
"1997/04/01","00:00","574.245","NaN","NaN","573.577","NaN","NaN","NaN","572.943","0"
"1997/05/01","00:00","574.055","NaN","NaN","573.582","NaN","NaN","NaN","572.493","0"
"1997/06/01","00:00","574.724","NaN","NaN","574.157","NaN","NaN","NaN","573.809","0"
"1997/07/01","00:00","574.508","NaN","NaN","574.004","NaN","NaN","NaN","573.333","0"
"1997/08/01","00:00","574.035","NaN","NaN","573.576","NaN","NaN","NaN","573.232","0"
"1997/09/01","00:00","573.776","NaN","NaN","573.267","NaN","NaN","NaN","572.448","0"
"1997/10/01","00:00","573.855","NaN","NaN","572.865","NaN","NaN","NaN","572.152","0"
"1997/11/01","00:00","573.189","NaN","NaN","572.461","NaN","NaN","NaN","571.729","0"
"1997/12/01","00:00","573.484","NaN","NaN","572.409","NaN","NaN","NaN","571.726","0"
"1998/01/01","00:00","573.55","NaN","NaN","572.824","NaN","NaN","NaN","571.575","0"
"1998/02/01","00:00","573.658","NaN","NaN","573.024","NaN","NaN","NaN","572.598","0"
"1998/03/01","00:00","574.295","NaN","NaN","573.279","NaN","NaN","NaN","572.438","0"
"1998/04/01","00:00","574.364","NaN","NaN","573.629","NaN","NaN","NaN","573.143","0"
"1998/05/01","00:00","574.085","NaN","NaN","573.698","NaN","NaN","NaN","573.209","0"
"1998/06/01","00:00","574.078","NaN","NaN","573.369","NaN","NaN","NaN","572.684","0"
"1998/07/01","00:00","573.543","NaN","NaN","573.152","NaN","NaN","NaN","572.159","0"
"1998/08/01","00:00","573.579","NaN","NaN","572.808","NaN","NaN","NaN","571.982","0"
"1998/09/01","00:00","573.209","NaN","NaN","572.337","NaN","NaN","NaN","571.824","0"
"1998/10/01","00:00","572.621","NaN","NaN","571.758","NaN","NaN","NaN","571.089","0"
"1998/11/01","00:00","571.726","NaN","NaN","571.145","NaN","NaN","NaN","569.692","0"
"1998/12/01","00:00","571.795","NaN","NaN","570.872","NaN","NaN","NaN","570.072","0"
"1999/01/01","00:00","571.87","NaN","NaN","570.724","NaN","NaN","NaN","569.311","0"
"1999/02/01","00:00","571.814","NaN","NaN","571.197","NaN","NaN","NaN","570.423","0"
"1999/03/01","00:00","572.513","NaN","NaN","571.466","NaN","NaN","NaN","571.014","0"
"1999/04/01","00:00","572.92","NaN","NaN","571.692","NaN","NaN","NaN","570.761","0"
"1999/05/01","00:00","572.185","NaN","NaN","571.79","NaN","NaN","NaN","571.266","0"
"1999/06/01","00:00","572.339","NaN","NaN","571.751","NaN","NaN","NaN","571.371","0"
"1999/07/01","00:00","572.897","NaN","NaN","571.584","NaN","NaN","NaN","571.083","0"
"1999/08/01","00:00","571.837","NaN","NaN","571.321","NaN","NaN","NaN","570.955","0"
"1999/09/01","00:00","571.647","NaN","NaN","571","NaN","NaN","NaN","570.367","0"
"1999/10/01","00:00","571.854","NaN","NaN","570.704","NaN","NaN","NaN","569.918","0"
"1999/11/01","00:00","571.509","NaN","NaN","570.523","NaN","NaN","NaN","569.843","0"
"1999/12/01","00:00","571.493","NaN","NaN","570.318","NaN","NaN","NaN","568.832","0"
"2000/01/01","00:00","571.125","NaN","NaN","570.248","NaN","NaN","NaN","569.295","0"
"2000/02/01","00:00","570.623","NaN","NaN","570.013","NaN","NaN","NaN","569.265","0"
"2000/03/01","00:00","570.919","NaN","NaN","570.292","NaN","NaN","NaN","569.757","0"
"2000/04/01","00:00","571.355","NaN","NaN","570.698","NaN","NaN","NaN","570.098","0"
"2000/05/01","00:00","571.942","NaN","NaN","571.08","NaN","NaN","NaN","570.456","0"
"2000/06/01","00:00","572.028","NaN","NaN","571.47","NaN","NaN","NaN","570.912","0"
"2000/07/01","00:00","572.192","NaN","NaN","571.703","NaN","NaN","NaN","571.335","0"
"2000/08/01","00:00","572.067","NaN","NaN","571.571","NaN","NaN","NaN","571.243","0"
"2000/09/01","00:00","571.87","NaN","NaN","571.153","NaN","NaN","NaN","569.708","0"
"2000/10/01","00:00","571.955","NaN","NaN","570.874","NaN","NaN","NaN","570.541","0"
"2000/11/01","00:00","570.945","NaN","NaN","570.422","NaN","NaN","NaN","569.314","0"
"2000/12/01","00:00","571.142","NaN","NaN","570.206","NaN","NaN","NaN","568.934","0"
"2001/01/01","00:00","570.292","NaN","NaN","569.948","NaN","NaN","NaN","569.383","0"
"2001/02/01","00:00","571.03","NaN","NaN","570.301","NaN","NaN","NaN","569.547","0"
"2001/03/01","00:00","571.453","NaN","NaN","570.709","NaN","NaN","NaN","570.056","0"
"2001/04/01","00:00","571.568","NaN","NaN","570.919","NaN","NaN","NaN","570.495","0"
"2001/05/01","00:00","571.362","NaN","NaN","570.983","NaN","NaN","NaN","570.728","0"
"2001/06/01","00:00","571.791","NaN","NaN","571.157","NaN","NaN","NaN","570.755","0"
"2001/07/01","00:00","571.703","NaN","NaN","570.974","NaN","NaN","NaN","570.541","0"
"2001/08/01","00:00","571.027","NaN","NaN","570.659","NaN","NaN","NaN","570.125","0"
"2001/09/01","00:00","571.089","NaN","NaN","570.307","NaN","NaN","NaN","569.57","0"
"2001/10/01","00:00","571.23","NaN","NaN","570.154","NaN","NaN","NaN","568.95","0"
"2001/11/01","00:00","570.892","NaN","NaN","570.14","NaN","NaN","NaN","569.567","0"
"2001/12/01","00:00","572.234","NaN","NaN","570.329","NaN","NaN","NaN","569.531","0"
"2002/01/01","00:00","571.362","NaN","NaN","570.259","NaN","NaN","NaN","569.583","0"
"2002/02/01","00:00","571.572","NaN","NaN","570.706","NaN","NaN","NaN","569.101","0"
"2002/03/01","00:00","572.129","NaN","NaN","570.903","NaN","NaN","NaN","568.661","0"
"2002/04/01","00:00","572.418","NaN","NaN","571.506","NaN","NaN","NaN","570.906","0"
"2002/05/01","00:00","572.569","NaN","NaN","571.824","NaN","NaN","NaN","571.138","0"
"2002/06/01","00:00","572.608","NaN","NaN","571.921","NaN","NaN","NaN","571.503","0"
"2002/07/01","00:00","572.615","NaN","NaN","571.639","NaN","NaN","NaN","571.119","0"
"2002/08/01","00:00","571.978","NaN","NaN","571.362","NaN","NaN","NaN","570.676","0"
"2002/09/01","00:00","571.539","NaN","NaN","570.971","NaN","NaN","NaN","570.285","0"
"2002/10/01","00:00","571.391","NaN","NaN","570.685","NaN","NaN","NaN","569.593","0"
"2002/11/01","00:00","571.444","NaN","NaN","570.297","NaN","NaN","NaN","569.249","0"
"2002/12/01","00:00","570.991","NaN","NaN","570.147","NaN","NaN","NaN","569.216","0"
"2003/01/01","00:00","571.007","NaN","NaN","570.176","NaN","NaN","NaN","569.377","0"
"2003/02/01","00:00","571.033","NaN","NaN","569.994","NaN","NaN","NaN","569.219","0"
"2003/03/01","00:00","570.735","NaN","NaN","570.134","NaN","NaN","NaN","569.718","0"
"2003/04/01","00:00","571.788","NaN","NaN","570.783","NaN","NaN","NaN","570.121","0"
"2003/05/01","00:00","572.041","NaN","NaN","571.135","NaN","NaN","NaN","570.203","0"
"2003/06/01","00:00","571.932","NaN","NaN","571.423","NaN","NaN","NaN","570.83","0"
"2003/07/01","00:00","572.037","NaN","NaN","571.464","NaN","NaN","NaN","570.915","0"
"2003/08/01","00:00","572.372","NaN","NaN","571.409","NaN","NaN","NaN","570.83","0"
"2003/09/01","00:00","571.936","NaN","NaN","570.992","NaN","NaN","NaN","570.289","0"
"2003/10/01","00:00","571.69","NaN","NaN","570.573","NaN","NaN","NaN","569.682","0"
"2003/11/01","00:00","571.165","NaN","NaN","570.359","NaN","NaN","NaN","568.904","0"
"2003/12/01","00:00","571.191","NaN","NaN","570.442","NaN","NaN","NaN","569.629","0"
"2004/01/01","00:00","571.496","NaN","NaN","570.608","NaN","NaN","NaN","569.6","0"
"2004/02/01","00:00","570.823","NaN","NaN","570.327","NaN","NaN","NaN","569.505","0"
"2004/03/01","00:00","571.929","NaN","NaN","570.716","NaN","NaN","NaN","570.013","0"
"2004/04/01","00:00","571.844","NaN","NaN","571.238","NaN","NaN","NaN","570.892","0"
"2004/05/01","00:00","572.352","NaN","NaN","571.566","NaN","NaN","NaN","570.951","0"
"2004/06/01","00:00","572.782","NaN","NaN","572.026","NaN","NaN","NaN","571.552","0"
"2004/07/01","00:00","572.392","NaN","NaN","571.971","NaN","NaN","NaN","571.654","0"
"2004/08/01","00:00","572.408","NaN","NaN","571.8","NaN","NaN","NaN","571.276","0"
"2004/09/01","00:00","572.602","NaN","NaN","571.67","NaN","NaN","NaN","571.276","0"
"2004/10/01","00:00","571.637","NaN","NaN","571.059","NaN","NaN","NaN","569.974","0"
"2004/11/01","00:00","571.975","NaN","NaN","570.849","NaN","NaN","NaN","569.724","0"
"2004/12/01","00:00","572.106","NaN","NaN","570.847","NaN","NaN","NaN","569.541","0"
"2005/01/01","00:00","572.956","NaN","NaN","571.637","NaN","NaN","NaN","570.495","0"
"2005/02/01","00:00","572.159","NaN","NaN","571.673","NaN","NaN","NaN","571.02","0"
"2005/03/01","00:00","572.523","NaN","NaN","571.813","NaN","NaN","NaN","571.25","0"
"2005/04/01","00:00","573.136","NaN","NaN","572.136","NaN","NaN","NaN","571.493","0"
"2005/05/01","00:00","572.703","NaN","NaN","572.156","NaN","NaN","NaN","571.706","0"
"2005/06/01","00:00","572.585","NaN","NaN","571.911","NaN","NaN","NaN","571.526","0"
"2005/07/01","00:00","572.156","NaN","NaN","571.599","NaN","NaN","NaN","570.899","0"
"2005/08/01","00:00","572.507","NaN","NaN","571.326","NaN","NaN","NaN","570.889","0"
"2005/09/01","00:00","571.932","NaN","NaN","571.092","NaN","NaN","NaN","569.856","0"
"2005/10/01","00:00","571.575","NaN","NaN","570.916","NaN","NaN","NaN","570.348","0"
"2005/11/01","00:00","571.745","NaN","NaN","570.396","NaN","NaN","NaN","568.986","0"
"2005/12/01","00:00","571.056","NaN","NaN","570.248","NaN","NaN","NaN","568.885","0"
"2006/01/01","00:00","571.499","NaN","NaN","570.722","NaN","NaN","NaN","569.728","0"
"2006/02/01","00:00","571.732","NaN","NaN","571.04","NaN","NaN","NaN","570.253","0"
"2006/03/01","00:00","571.726","NaN","NaN","571.225","NaN","NaN","NaN","570.528","0"
"2006/04/01","00:00","571.808","NaN","NaN","571.384","NaN","NaN","NaN","570.896","0"
"2006/05/01","00:00","572.152","NaN","NaN","571.506","NaN","NaN","NaN","570.961","0"
"2006/06/01","00:00","572.201","NaN","NaN","571.705","NaN","NaN","NaN","571.06","0"
"2006/07/01","00:00","572.448","NaN","NaN","571.758","NaN","NaN","NaN","571.253","0"
"2006/08/01","00:00","572.375","NaN","NaN","571.657","NaN","NaN","NaN","571.184","0"
"2006/09/01","00:00","572.316","NaN","NaN","571.325","NaN","NaN","NaN","570.63","0"
"2006/10/01","00:00","571.831","NaN","NaN","571.081","NaN","NaN","NaN","569.934","0"
"2006/11/01","00:00","571.621","NaN","NaN","571.179","NaN","NaN","NaN","570.84","0"
"2006/12/01","00:00","572.346","NaN","NaN","571.262","NaN","NaN","NaN","569.012","0"
"2007/01/01","00:00","572.461","NaN","NaN","571.765","NaN","NaN","NaN","570.863","0"
"2007/02/01","00:00","572.585","NaN","NaN","571.481","NaN","NaN","NaN","570.456","0"
"2007/03/01","00:00","572.398","NaN","NaN","571.694","NaN","NaN","NaN","570.778","0"
"2007/04/01","00:00","572.641","NaN","NaN","571.911","NaN","NaN","NaN","570.942","0"
"2007/05/01","00:00","572.595","NaN","NaN","572.004","NaN","NaN","NaN","571.703","0"
"2007/06/01","00:00","572.188","NaN","NaN","571.73","NaN","NaN","NaN","571.253","0"
"2007/07/01","00:00","572.07","NaN","NaN","571.366","NaN","NaN","NaN","570.896","0"
"2007/08/01","00:00","571.824","NaN","NaN","571.299","NaN","NaN","NaN","570.925","0"
"2007/09/01","00:00","571.532","NaN","NaN","571.099","NaN","NaN","NaN","570.577","0"
"2007/10/01","00:00","571.339","NaN","NaN","570.613","NaN","NaN","NaN","569.774","0"
"2007/11/01","00:00","571.309","NaN","NaN","570.16","NaN","NaN","NaN","569.193","0"
"2007/12/01","00:00","571.516","NaN","NaN","570.331","NaN","NaN","NaN","568.852","0"
"2008/01/01","00:00","571.552","NaN","NaN","570.498","NaN","NaN","NaN","567.795","0"
"2008/02/01","00:00","572.224","NaN","NaN","571.086","NaN","NaN","NaN","569.918","0"
"2008/03/01","00:00","572.533","NaN","NaN","571.688","NaN","NaN","NaN","571.06","0"
"2008/04/01","00:00","572.844","NaN","NaN","572.144","NaN","NaN","NaN","571.486","0"
"2008/05/01","00:00","572.648","NaN","NaN","572.009","NaN","NaN","NaN","571.237","0"
"2008/06/01","00:00","572.569","NaN","NaN","571.931","NaN","NaN","NaN","571.444","0"
"2008/07/01","00:00","572.526","NaN","NaN","571.999","NaN","NaN","NaN","571.467","0"
"2008/08/01","00:00","572.359","NaN","NaN","571.622","NaN","NaN","NaN","571.155","0"
"2008/09/01","00:00","572.379","NaN","NaN","571.241","NaN","NaN","NaN","569.823","0"
"2008/10/01","00:00","571.614","NaN","NaN","570.849","NaN","NaN","NaN","569.948","0"
"2008/11/01","00:00","571.926","NaN","NaN","570.584","NaN","NaN","NaN","570.02","0"
"2008/12/01","00:00","572.297","NaN","NaN","570.618","NaN","NaN","NaN","568.855","0"
"2009/01/01","00:00","571.821","NaN","NaN","570.926","NaN","NaN","NaN","570.367","0"
"2009/02/01","00:00","571.942","NaN","NaN","571.074","NaN","NaN","NaN","569.554","0"
"2009/03/01","00:00","572.707","NaN","NaN","571.86","NaN","NaN","NaN","571.053","0"
"2009/04/01","00:00","573.009","NaN","NaN","572.253","NaN","NaN","NaN","571.509","0"
"2009/05/01","00:00","572.831","NaN","NaN","572.353","NaN","NaN","NaN","571.801","0"
"2009/06/01","00:00","573.114","NaN","NaN","572.347","NaN","NaN","NaN","571.834","0"
"2009/07/01","00:00","572.644","NaN","NaN","572.246","NaN","NaN","NaN","571.706","0"
"2009/08/01","00:00","572.356","NaN","NaN","571.993","NaN","NaN","NaN","571.339","0"
"2009/09/01","00:00","572.087","NaN","NaN","571.648","NaN","NaN","NaN","569.967","0"
"2009/10/01","00:00","571.955","NaN","NaN","571.242","NaN","NaN","NaN","570.302","0"
"2009/11/01","00:00","571.69","NaN","NaN","571.06","NaN","NaN","NaN","570.459","0"
"2009/12/01","00:00","571.522","NaN","NaN","570.872","NaN","NaN","NaN","569.019","0"
"2010/01/01","00:00","571.375","NaN","NaN","570.784","NaN","NaN","NaN","569.99","0"
"2010/02/01","00:00","571.706","NaN","NaN","570.609","NaN","NaN","NaN","570.026","0"
"2010/03/01","00:00","571.516","NaN","NaN","570.78","NaN","NaN","NaN","570.322","0"
"2010/04/01","00:00","571.683","NaN","NaN","571.137","NaN","NaN","NaN","570.413","0"
"2010/05/01","00:00","572.336","NaN","NaN","571.529","NaN","NaN","NaN","570.646","0"
"2010/06/01","00:00","572.474","NaN","NaN","571.881","NaN","NaN","NaN","571.266","0"
"2010/07/01","00:00","572.28","NaN","NaN","571.74","NaN","NaN","NaN","571.184","0"
"2010/08/01","00:00","571.991","NaN","NaN","571.484","NaN","NaN","NaN","571.148","0"
"2010/09/01","00:00","571.562","NaN","NaN","570.926","NaN","NaN","NaN","570.308","0"
"2010/10/01","00:00","571.732","NaN","NaN","570.766","NaN","NaN","NaN","569.58","0"
"2010/11/01","00:00","571.24","NaN","NaN","570.439","NaN","NaN","NaN","569.505","0"
"2010/12/01","00:00","571.532","NaN","NaN","570.414","NaN","NaN","NaN","569.728","0"
"2011/01/01","00:00","570.876","NaN","NaN","570.253","NaN","NaN","NaN","569.751","0"
"2011/02/01","00:00","571.152","NaN","NaN","570.024","NaN","NaN","NaN","569.252","0"
"2011/03/01","00:00","571.936","NaN","NaN","570.917","NaN","NaN","NaN","570.092","0"
"2011/04/01","00:00","573.005","NaN","NaN","571.492","NaN","NaN","NaN","570.367","0"
"2011/05/01","00:00","573.228","NaN","NaN","572.353","NaN","NaN","NaN","571.785","0"
"2011/06/01","00:00","573.31","NaN","NaN","572.758","NaN","NaN","NaN","572.329","0"
"2011/07/01","00:00","573.153","NaN","NaN","572.414","NaN","NaN","NaN","571.857","0"
"2011/08/01","00:00","573.035","NaN","NaN","572.125","NaN","NaN","NaN","571.014","0"
"2011/09/01","00:00","572.71","NaN","NaN","571.848","NaN","NaN","NaN","571.122","0"
"2011/10/01","00:00","572.766","NaN","NaN","571.716","NaN","NaN","NaN","570.686","0"
"2011/11/01","00:00","572.989","NaN","NaN","571.493","NaN","NaN","NaN","570.072","0"
"2011/12/01","00:00","572.73","NaN","NaN","572.119","NaN","NaN","NaN","571.496","0"
"2012/01/01","00:00","573.186","NaN","NaN","572.047","NaN","NaN","NaN","570.62","0"
"2012/02/01","00:00","573.133","NaN","NaN","572.055","NaN","NaN","NaN","571.106","0"
"2012/03/01","00:00","572.874","NaN","NaN","572.01","NaN","NaN","NaN","570.446","0"
"2012/04/01","00:00","572.438","NaN","NaN","571.88","NaN","NaN","NaN","571.44","0"
"2012/05/01","00:00","572.218","NaN","NaN","571.738","NaN","NaN","NaN","571.211","0"
"2012/06/01","00:00","572.27","NaN","NaN","571.58","NaN","NaN","NaN","571.142","0"
"2012/07/01","00:00","571.988","NaN","NaN","571.311","NaN","NaN","NaN","570.761","0"
"2012/08/01","00:00","571.519","NaN","NaN","570.964","NaN","NaN","NaN","570.558","0"
"2012/09/01","00:00","571.496","NaN","NaN","570.641","NaN","NaN","NaN","569.97","0"
"2012/10/01","00:00","572.228","NaN","NaN","570.313","NaN","NaN","NaN","569.242","0"
"2012/11/01","00:00","570.797","NaN","NaN","570.366","NaN","NaN","NaN","569.715","0"
"2012/12/01","00:00","571.414","NaN","NaN","570.249","NaN","NaN","NaN","569.327","0"
"2013/01/01","00:00","570.945","NaN","NaN","570.198","NaN","NaN","NaN","569.196","0"
"2013/02/01","00:00","570.869","NaN","NaN","570.36","NaN","NaN","NaN","569.291","0"
"2013/03/01","00:00","571.188","NaN","NaN","570.579","NaN","NaN","NaN","569.806","0"
"2013/04/01","00:00","571.916","NaN","NaN","570.903","NaN","NaN","NaN","570.059","0"
"2013/05/01","00:00","571.69","NaN","NaN","571.162","NaN","NaN","NaN","570.525","0"
"2013/06/01","00:00","572.808","NaN","NaN","571.59","NaN","NaN","NaN","570.909","0"
"2013/07/01","00:00","572.582","NaN","NaN","572.003","NaN","NaN","NaN","571.46","0"
"2013/08/01","00:00","572.408","NaN","NaN","571.745","NaN","NaN","NaN","571.257","0"
"2013/09/01","00:00","571.913","NaN","NaN","571.385","NaN","NaN","NaN","570.942","0"
"2013/10/01","00:00","571.64","NaN","NaN","571.046","NaN","NaN","NaN","569.813","0"
"2013/11/01","00:00","571.627","NaN","NaN","570.69","NaN","NaN","NaN","569.236","0"
"2013/12/01","00:00","571.575","NaN","NaN","570.575","NaN","NaN","NaN","569.518","0"
"2014/01/01","00:00","571.942","NaN","NaN","570.719","NaN","NaN","NaN","569.485","0"
"2014/02/01","00:00","571.463","NaN","NaN","570.613","NaN","NaN","NaN","570.118","0"
"2014/03/01","00:00","571.834","NaN","NaN","570.786","NaN","NaN","NaN","570.233","0"
"2014/04/01","00:00","572.067","NaN","NaN","571.458","NaN","NaN","NaN","570.404","0"
"2014/05/01","00:00","572.425","NaN","NaN","571.971","NaN","NaN","NaN","571.362","0"
"2014/06/01","00:00","572.736","NaN","NaN","572.174","NaN","NaN","NaN","571.827","0"
"2014/07/01","00:00","572.93","NaN","NaN","572.171","NaN","NaN","NaN","571.739","0"
"2014/08/01","00:00","572.582","NaN","NaN","572.05","NaN","NaN","NaN","571.545","0"
"2014/09/01","00:00","572.566","NaN","NaN","571.875","NaN","NaN","NaN","571.211","0"
"2014/10/01","00:00","572.129","NaN","NaN","571.621","NaN","NaN","NaN","571.001","0"
"2014/11/01","00:00","572.5","NaN","NaN","571.273","NaN","NaN","NaN","569.902","0"
"2014/12/01","00:00","571.893","NaN","NaN","571.401","NaN","NaN","NaN","570.007","0"
"2015/01/01","00:00","572.474","NaN","NaN","571.291","NaN","NaN","NaN","570.308","0"
"2015/02/01","00:00","572.215","NaN","NaN","570.95","NaN","NaN","NaN","570.65","0"
"2015/03/01","00:00","571.545","NaN","NaN","570.826","NaN","NaN","NaN","570.469","0"
"2015/04/01","00:00","572.185","NaN","NaN","571.573","NaN","NaN","NaN","570.873","0"
"2015/05/01","00:00","573.225","NaN","NaN","571.891","NaN","NaN","NaN","571.568","0"
"2015/06/01","00:00","573.819","NaN","NaN","572.585","NaN","NaN","NaN","571.965","0"
"2015/07/01","00:00","573.937","NaN","NaN","573.299","NaN","NaN","NaN","572.927","0"
"2015/08/01","00:00","573.622","NaN","NaN","572.917","NaN","NaN","NaN","571.975","0"
"2015/09/01","00:00","573.153","NaN","NaN","572.526","NaN","NaN","NaN","572.08","0"
"2015/10/01","00:00","572.94","NaN","NaN","571.965","NaN","NaN","NaN","570.656","0"
"2015/11/01","00:00","572.113","NaN","NaN","571.543","NaN","NaN","NaN","570.02","0"
"2015/12/01","00:00","572.477","NaN","NaN","571.383","NaN","NaN","NaN","570.669","0"
"2016/01/01","00:00","572.844","NaN","NaN","571.565","NaN","NaN","NaN","570.732","0"
"2016/02/01","00:00","572.572","NaN","NaN","571.745","NaN","NaN","NaN","570.906","0"
"2016/03/01","00:00","572.89","NaN","NaN","572.22","NaN","NaN","NaN","571.47","0"
"2016/04/01","00:00","573.74","NaN","NaN","572.836","NaN","NaN","NaN","572.159","0"
"2016/05/01","00:00","573.875","NaN","NaN","573.005","NaN","NaN","NaN","572.47","0"
"2016/06/01","00:00","573.455","NaN","NaN","572.877","NaN","NaN","NaN","572.51","0"
"2016/07/01","00:00","573.304","NaN","NaN","572.648","NaN","NaN","NaN","572.264","0"
"2016/08/01","00:00","573.068","NaN","NaN","572.379","NaN","NaN","NaN","571.877","0"
"2016/09/01","00:00","572.648","NaN","NaN","572.152","NaN","NaN","NaN","571.522","0"
"2016/10/01","00:00","572.569","NaN","NaN","571.949","NaN","NaN","NaN","571.381","0"
"2016/11/01","00:00","572.543","NaN","NaN","571.69","NaN","NaN","NaN","570.991","0"
"2016/12/01","00:00","572.018","NaN","NaN","571.368","NaN","NaN","NaN","570.463","0"
"2017/01/01","00:00","572.464","NaN","NaN","571.768","NaN","NaN","NaN","570.453","0"
"2017/02/01","00:00","572.723","NaN","NaN","572.175","NaN","NaN","NaN","571.447","0"
"2017/03/01","00:00","573.35","NaN","NaN","572.441","NaN","NaN","NaN","571.732","0"
"2017/04/01","00:00","573.734","NaN","NaN","572.959","NaN","NaN","NaN","571.112","0"
"2017/05/01","00:00","574.137","NaN","NaN","573.547","NaN","NaN","NaN","572.621","0"
"2017/06/01","00:00","574.551","NaN","NaN","573.593","NaN","NaN","NaN","573.143","0"
"2017/07/01","00:00","574.127","NaN","NaN","573.527","NaN","NaN","NaN","573.11","0"
"2017/08/01","00:00","573.839","NaN","NaN","573.159","NaN","NaN","NaN","572.451","0"
"2017/09/01","00:00","573.402","NaN","NaN","572.792","NaN","NaN","NaN","572.185","0"
"2017/10/01","00:00","573.606","NaN","NaN","572.441","NaN","NaN","NaN","571.276","0"
"2017/11/01","00:00","573.406","NaN","NaN","572.415","NaN","NaN","NaN","571.611","0"
"2017/12/01","00:00","573.084","NaN","NaN","572.241","NaN","NaN","NaN","571.234","0"
"2018/01/01","00:00","572.923","NaN","NaN","572.054","NaN","NaN","NaN","571.184","0"
"2018/02/01","00:00","573.304","NaN","NaN","572.283","NaN","NaN","NaN","571.749","0"
"2018/03/01","00:00","574.603","NaN","NaN","573.1","NaN","NaN","NaN","572.605","0"
"2018/04/01","00:00","574.511","NaN","NaN","573.409","NaN","NaN","NaN","572.264","0"
"2018/05/01","00:00","574.419","NaN","NaN","573.73","NaN","NaN","NaN","573.018","0"
"2018/06/01","00:00","574.072","NaN","NaN","573.78","NaN","NaN","NaN","573.455","0"
"2018/07/01","00:00","574.337","NaN","NaN","573.566","NaN","NaN","NaN","573.018","0"
"2018/08/01","00:00","573.97","NaN","NaN","573.202","NaN","NaN","NaN","572.707","0"
"2018/09/01","00:00","573.707","NaN","NaN","573.031","NaN","NaN","NaN","572.408","0"
"2018/10/01","00:00","573.848","NaN","NaN","572.73","NaN","NaN","NaN","571.726","0"
"2018/11/01","00:00","573.606","NaN","NaN","572.72","NaN","NaN","NaN","571.398","0"
"2018/12/01","00:00","573.36","NaN","NaN","572.802","NaN","NaN","NaN","571.873","0"
"2019/01/01","00:00","574.062","NaN","NaN","572.904","NaN","NaN","NaN","571.739","0"
"2019/02/01","00:00","573.494","NaN","NaN","572.854","NaN","NaN","NaN","571.66","0"
"2019/03/01","00:00","573.773","NaN","NaN","573.048","NaN","NaN","NaN","572.205","0"
"2019/04/01","00:00","574.82","NaN","NaN","573.576","NaN","NaN","NaN","573.005","0"
"2019/05/01","00:00","575.226","NaN","NaN","574.288","NaN","NaN","NaN","573.688","0"
"2019/06/01","00:00","575.049","NaN","NaN","574.603","NaN","NaN","NaN","574.14","0"
"2019/07/01","00:00","575.305","NaN","NaN","574.596","NaN","NaN","NaN","574.14","0"
"2019/08/01","00:00","574.987","NaN","NaN","574.203","NaN","NaN","NaN","573.517","0"
"2019/09/01","00:00","574.364","NaN","NaN","573.73","NaN","NaN","NaN","573.077","0"
"2019/10/01","00:00","574.078","NaN","NaN","573.278","NaN","NaN","NaN","571.975","0"
"2019/11/01","00:00","573.514","NaN","NaN","572.854","NaN","NaN","NaN","571.68","0"
"2019/12/01","00:00","573.786","NaN","NaN","573.061","NaN","NaN","NaN","572.293","0"
"2020/01/01","00:00","573.99","NaN","NaN","573.422","NaN","NaN","NaN","572.3","0"
"2020/02/01","00:00","574.285","NaN","NaN","573.806","NaN","NaN","NaN","573.287","0"
"2020/03/01","00:00","574.61","NaN","NaN","573.98","NaN","NaN","NaN","573.497","0"
"2020/04/01","00:00","575.207","NaN","NaN","574.341","NaN","NaN","NaN","573.556","0"
"2020/05/01","00:00","575.089","NaN","NaN","574.396","NaN","NaN","NaN","573.783","0"
"2020/06/01","00:00","575.18","NaN","NaN","574.449","NaN","NaN","NaN","573.773","0"
"2020/07/01","00:00","575.338","NaN","NaN","574.314","NaN","NaN","NaN","573.799","0"
"2020/08/01","00:00","574.449","NaN","NaN","573.914","NaN","NaN","NaN","573.219","0"
"2020/09/01","00:00","574.137","NaN","NaN","573.563","NaN","NaN","NaN","572.205","0"
"2020/10/01","00:00","574.094","NaN","NaN","573.186","NaN","NaN","NaN","572.264","0"
"2020/11/01","00:00","573.74","NaN","NaN","572.927","NaN","NaN","NaN","571.007","0"
"2020/12/01","00:00","573.665","NaN","NaN","572.93","NaN","NaN","NaN","571.936","0"
"2021/01/01","00:00","573.599","NaN","NaN","573.097","NaN","NaN","NaN","572.51","0"